Date,Q_RonHochdorf [m3 s-1],TP_RonHochdorf [mg m-3],Q_Mülibach [m3 s-1],TP_Mülibach [mg m-3],Q_Stägbach [m3 s-1],TP_Stägbach [mg m-3],Q_Spittlisbach [m3 s-1],TP_Spittlisbach [mg m-3],Q_Höhibach [m3 s-1],TP_Höhibach [mg m-3]
15.04.1985,1.080,209.000,0.068,55.000,0.200,103.000,0.080,138.000,0.050,43.000
26.04.1985,0.800,806.500,0.029,22.000,0.080,56.000,0.030,148.000,0.030,23.000
07.05.1985,0.520,1404.000,0.050,336.000,0.130,964.000,0.050,900.000,0.060,449.000
18.05.1985,0.300,117.000,0.067,207.000,0.120,117.000,0.020,160.000,0.050,71.000
29.05.1985,1.420,536.000,0.065,144.000,0.130,255.000,0.040,199.000,0.050,57.000
09.06.1985,0.520,171.000,0.054,57.000,0.150,120.000,0.040,164.000,0.060,98.000
20.06.1985,0.500,201.000,0.046,77.000,0.170,115.000,0.070,182.000,0.040,41.000
01.07.1985,0.380,138.000,0.014,44.000,0.090,132.000,0.040,151.000,0.030,51.000
12.07.1985,0.220,188.000,0.006,67.000,0.060,95.000,0.000,132.000,0.030,64.000
23.07.1985,0.160,155.000,0.004,30.000,0.040,99.000,0.010,170.000,0.020,103.000
03.08.1985,0.100,180.000,0.004,227.000,0.030,120.000,0.010,151.000,0.020,710.000
14.08.1985,0.180,182.000,0.004,30.000,0.030,110.000,0.020,157.000,0.020,72.000
25.08.1985,0.580,246.000,0.011,71.000,0.080,286.000,0.040,336.000,0.020,48.000
05.09.1985,0.280,142.000,0.017,45.000,0.060,146.000,0.020,244.000,0.020,33.000
16.09.1985,0.240,180.000,0.009,45.000,0.060,133.000,0.030,229.000,0.020,33.000
27.09.1985,0.140,202.000,0.005,43.000,0.020,174.000,0.010,214.000,0.020,38.000
08.10.1985,0.120,180.000,0.004,44.000,0.020,123.000,0.020,259.000,0.020,57.000
19.10.1985,0.120,152.000,0.010,29.000,0.020,95.000,0.010,205.000,0.020,45.000
30.10.1985,0.120,243.000,0.012,19.000,0.020,92.000,0.010,183.000,0.020,48.000
10.11.1985,1.980,854.000,0.197,622.000,0.370,480.000,0.180,240.000,0.060,563.000
21.11.1985,0.180,140.000,0.013,68.000,0.070,204.000,0.030,219.000,0.030,23.000
02.12.1985,0.540,750.000,0.050,54.000,0.140,97.000,0.070,172.000,0.040,23.000
13.12.1985,0.240,106.000,0.017,11.000,0.080,81.000,0.030,211.000,0.020,179.000
04.01.1986,0.380,177.000,0.025,20.000,0.150,64.000,0.300,168.000,0.020,25.000
15.01.1986,1.960,220.000,0.159,86.000,0.730,135.000,0.650,169.000,0.090,76.000
26.01.1986,0.640,112.000,0.056,28.000,0.270,64.000,0.090,89.000,0.030,32.000
06.02.1986,0.280,127.000,0.019,44.000,0.110,58.000,0.040,146.000,0.030,26.000
17.02.1986,0.220,121.000,0.015,52.000,0.080,61.000,0.030,146.000,0.030,56.000
28.02.1986,0.560,143.000,0.010,214.000,0.060,78.000,0.050,189.000,0.030,33.000
11.03.1986,0.460,150.000,0.020,29.000,0.170,87.000,0.040,158.000,0.040,44.000
22.03.1986,1.160,166.000,0.105,103.000,0.280,65.000,0.120,118.000,0.060,93.000
02.04.1986,0.640,118.000,0.065,59.000,0.200,55.000,0.090,99.000,0.060,21.000
13.04.1986,0.920,138.000,0.094,38.000,0.320,77.000,0.140,98.000,0.090,41.000
24.04.1986,0.420,100.000,0.066,31.000,0.180,63.000,0.080,28.000,0.090,128.000
05.05.1986,0.420,85.000,0.038,15.000,0.160,85.000,0.090,86.000,0.070,20.000
16.05.1986,0.560,1000.000,0.056,304.000,0.170,226.000,0.080,940.000,0.050,63.000
27.05.1986,0.440,716.000,0.038,130.000,0.140,476.000,0.140,1192.000,0.040,217.000
07.06.1986,0.920,155.000,0.124,29.000,0.330,108.000,0.160,138.000,0.100,40.000
18.06.1986,1.260,317.000,0.109,85.000,0.220,115.000,0.080,105.000,0.070,49.000
29.06.1986,0.260,142.000,0.032,19.000,0.070,67.000,0.030,97.000,0.050,40.000
10.07.1986,0.240,137.000,0.022,30.000,0.060,80.000,0.030,107.000,0.040,43.000
21.07.1986,0.180,148.000,0.018,90.000,0.040,101.000,0.020,102.000,0.050,47.000
01.08.1986,0.220,173.000,0.013,20.000,0.040,80.000,0.020,111.000,0.050,80.000
12.08.1986,0.180,209.000,0.011,61.000,0.020,85.000,0.020,117.000,0.040,66.000
23.08.1986,0.700,496.000,0.081,290.000,0.090,271.000,0.060,872.000,0.070,150.000
03.09.1986,0.180,165.000,0.010,26.000,0.020,79.000,0.020,135.000,0.030,29.000
14.09.1986,0.160,130.000,0.009,36.000,0.020,133.000,0.020,146.000,0.030,54.000
25.09.1986,0.180,153.000,0.008,82.000,0.020,120.000,0.010,236.000,0.020,54.000
06.10.1986,0.180,145.000,0.006,37.000,0.010,107.000,0.020,171.000,0.020,45.000
17.10.1986,0.180,121.000,0.006,186.000,0.010,98.000,0.010,151.000,0.020,49.000
28.10.1986,0.360,135.000,0.018,109.000,0.030,112.000,0.020,222.000,0.030,49.000
08.11.1986,0.260,135.000,0.015,38.000,0.030,99.000,0.010,228.000,0.020,30.000
19.11.1986,0.200,124.000,0.011,28.000,0.030,100.000,0.010,202.000,0.020,44.000
30.11.1986,0.300,100.000,0.015,36.000,0.060,90.000,0.020,193.000,0.030,43.000
11.12.1986,0.220,116.000,0.012,24.000,0.040,80.000,0.020,176.000,0.020,42.000
22.12.1986,0.640,90.000,0.029,32.000,0.150,62.000,0.080,124.000,0.050,34.000
09.01.1987,0.560,100.000,0.027,22.000,0.140,56.000,0.060,116.000,0.070,24.000
13.01.1987,0.370,92.000,0.006,18.000,0.080,51.000,0.030,132.000,0.030,46.000
24.01.1987,0.310,93.000,0.005,9.000,0.050,71.000,0.030,136.000,0.020,15.000
04.02.1987,0.290,132.000,0.002,81.000,0.020,80.000,0.030,149.000,0.030,21.000
15.02.1987,0.490,88.000,0.041,28.000,0.080,63.000,0.060,126.000,0.050,26.000
26.02.1987,0.590,140.000,0.033,58.000,0.120,82.000,0.050,146.000,0.040,48.000
09.03.1987,0.470,310.000,0.029,36.000,0.160,70.000,0.060,114.000,0.050,21.000
20.03.1987,0.670,106.000,0.029,32.000,0.160,90.000,0.060,112.000,0.060,26.000
31.03.1987,1.020,96.000,0.050,27.000,0.200,74.000,0.080,103.000,0.080,45.000
11.04.1987,1.830,224.000,0.123,72.000,0.390,128.000,0.260,180.000,0.110,82.000
22.04.1987,0.520,104.000,0.039,22.000,0.140,96.000,0.060,98.000,0.070,54.000
03.05.1987,0.590,258.000,0.061,106.000,0.110,225.000,0.060,230.000,0.040,86.000
14.05.1987,0.680,162.000,0.045,99.000,0.110,97.000,0.060,130.000,0.060,42.000
25.05.1987,0.510,107.000,0.037,20.000,0.120,99.000,0.050,108.000,0.050,21.000
05.06.1987,1.410,192.000,0.151,88.000,0.280,143.000,0.130,207.000,0.090,38.000
16.06.1987,2.740,976.000,0.224,176.000,0.660,170.000,0.390,286.000,0.160,100.000
27.06.1987,1.060,197.000,0.122,62.000,0.280,128.000,0.140,144.000,0.110,56.000
08.07.1987,0.350,160.000,0.030,20.000,0.110,128.000,0.030,150.000,0.050,32.000
19.07.1987,0.210,222.000,0.019,95.000,0.080,170.000,0.040,184.000,0.040,184.000
30.07.1987,0.350,250.000,0.039,110.000,0.100,189.000,0.040,576.000,0.050,488.000
11.08.1987,0.200,160.000,0.017,28.000,0.050,106.000,0.010,136.000,0.030,36.000
19.08.1987,0.180,154.000,0.015,26.000,0.040,112.000,0.010,156.000,0.030,46.000
01.09.1987,0.320,155.000,0.023,220.000,0.070,112.000,0.030,150.000,0.030,42.000
12.09.1987,0.240,118.000,0.016,24.000,0.060,68.000,0.020,114.000,0.020,72.000
23.09.1987,0.210,196.000,0.008,72.000,0.030,138.000,0.020,218.000,0.020,40.000
04.10.1987,0.330,105.000,0.031,25.000,0.110,65.000,0.050,100.000,0.040,50.000
15.10.1987,0.290,126.000,0.029,26.000,0.080,114.000,0.040,134.000,0.040,52.000
26.10.1987,0.260,120.000,0.024,28.000,0.070,104.000,0.030,168.000,0.030,35.000
06.11.1987,0.240,122.000,0.018,102.000,0.050,93.000,0.030,156.000,0.030,54.000
17.11.1987,0.680,123.000,0.054,21.000,0.170,88.000,0.060,118.000,0.030,22.000
28.11.1987,0.410,131.000,0.033,14.000,0.110,86.000,0.040,147.000,0.060,30.000
09.12.1987,0.450,116.000,0.035,14.000,0.110,72.000,0.050,104.000,0.040,28.000
20.12.1987,1.050,140.000,0.074,80.000,0.250,76.000,0.120,126.000,0.060,45.000
07.01.1988,0.330,102.000,0.030,22.000,0.100,62.000,0.040,130.000,0.030,40.000
11.01.1988,0.320,123.000,0.027,16.000,0.090,68.000,0.030,124.000,0.030,42.000
22.01.1988,0.420,108.000,0.034,28.000,0.110,96.000,0.040,248.000,0.030,48.000
02.02.1988,0.670,90.000,0.075,26.000,0.190,79.000,0.040,464.000,0.050,34.000
13.02.1988,0.820,94.000,0.077,24.000,0.210,60.000,0.060,92.000,0.050,99.000
24.02.1988,0.330,86.000,0.047,10.000,0.110,42.000,0.020,92.000,0.040,32.000
06.03.1988,0.370,74.000,0.041,10.000,0.100,47.000,0.010,120.000,0.040,33.000
17.03.1988,1.220,138.000,0.468,128.000,0.370,92.000,0.160,154.000,0.120,126.000
28.03.1988,1.660,132.000,0.297,39.000,0.450,78.000,0.190,144.000,0.140,50.000
08.04.1988,0.390,80.000,0.075,18.000,0.180,76.000,0.070,80.000,0.070,34.000
19.04.1988,0.390,172.000,0.057,46.000,0.170,54.000,0.070,66.000,0.070,36.000
30.04.1988,0.330,56.000,0.035,13.000,0.110,54.000,0.030,64.000,0.050,37.000
11.05.1988,0.450,326.000,0.038,20.000,0.140,220.000,0.070,306.000,0.070,69.000
22.05.1988,0.390,124.000,0.035,18.000,0.140,75.000,0.060,96.000,0.050,64.000
02.06.1988,0.260,212.000,0.042,44.000,0.130,76.000,0.050,110.000,0.040,64.000
13.06.1988,0.490,106.000,0.173,68.000,0.190,68.000,0.090,90.000,0.070,55.000
24.06.1988,0.230,158.000,0.036,19.000,0.110,70.000,0.040,59.000,0.040,54.000
05.07.1988,0.290,163.000,0.037,30.000,0.070,208.000,0.030,168.000,0.040,120.000
16.07.1988,0.270,118.000,0.026,18.000,0.060,132.000,0.030,106.000,0.030,72.000
27.07.1988,0.380,230.000,0.049,92.000,0.110,198.000,0.050,250.000,0.050,98.000
07.08.1988,0.260,122.000,0.018,88.000,0.050,188.000,0.020,216.000,0.030,496.000
18.08.1988,0.230,148.000,0.014,74.000,0.030,136.000,0.020,194.000,0.020,56.000
29.08.1988,0.940,470.000,0.055,170.000,0.100,212.000,0.050,203.000,0.030,62.000
09.09.1988,0.260,161.000,0.015,29.000,0.050,76.000,0.020,239.000,0.030,66.000
20.09.1988,0.220,126.000,0.018,20.000,0.050,106.000,0.020,136.000,0.030,50.000
01.10.1988,0.220,156.000,0.015,11.000,0.040,150.000,0.020,153.000,0.020,68.000
12.10.1988,2.280,404.000,0.157,148.000,0.420,228.000,0.220,192.000,0.080,98.000
23.10.1988,0.420,213.000,0.046,46.000,0.140,80.000,0.050,102.000,0.050,52.000
03.11.1988,0.280,122.000,0.030,27.000,0.080,95.000,0.040,120.000,0.020,40.000
14.11.1988,0.370,310.000,0.037,16.000,0.070,124.000,0.030,176.000,0.020,61.000
25.11.1988,0.470,182.000,0.034,25.000,0.070,78.000,0.040,116.000,0.020,82.000
05.12.1988,1.340,2000.000,0.127,268.000,0.340,700.000,0.090,2140.000,0.070,860.000
06.12.1988,2.680,320.000,0.189,116.000,0.610,164.000,0.160,256.000,0.120,116.000
17.12.1988,0.580,126.000,0.067,45.000,0.170,75.000,0.080,106.000,0.040,58.000
28.12.1988,0.410,122.000,0.048,54.000,0.130,98.000,0.050,120.000,0.030,46.000
20.01.1989,0.230,170.000,0.028,74.000,0.070,108.000,0.030,131.000,0.020,44.000
11.02.1989,0.210,94.000,0.018,98.000,0.060,74.000,0.020,100.000,0.010,70.000
05.03.1989,0.720,94.000,0.075,46.000,0.150,70.000,0.100,94.000,0.030,36.000
27.03.1989,0.240,98.000,0.029,46.000,0.080,66.000,0.030,100.000,0.020,54.000
18.04.1989,2.480,360.000,0.139,100.000,0.240,142.000,0.120,190.000,0.030,76.000
20.04.1989,2.320,752.000,0.155,144.000,0.410,380.000,0.170,480.000,0.050,132.000
21.04.1989,2.030,454.000,0.177,88.000,0.490,168.000,0.143,396.667,0.050,82.000
10.05.1989,0.250,146.000,0.032,30.000,0.070,128.000,0.030,162.000,0.020,72.000
01.06.1989,0.190,181.000,0.025,35.000,0.070,100.000,0.030,174.000,0.020,100.000
23.06.1989,0.230,224.000,0.026,42.000,0.040,116.000,0.020,162.000,0.020,88.500
10.07.1989,5.790,2120.000,0.076,340.000,0.510,690.000,0.070,490.000,0.020,79.614
11.07.1989,2.860,500.000,0.068,305.000,0.830,380.000,0.110,190.000,0.020,79.091
15.07.1989,0.390,130.000,0.033,165.000,0.130,97.000,0.030,138.000,0.020,77.000
06.08.1989,0.220,394.000,0.021,64.000,0.070,86.000,0.030,170.000,0.038,167.750
08.08.1989,1.510,392.000,0.093,208.000,0.230,208.000,0.130,640.000,0.040,176.000
28.08.1989,1.160,252.000,0.056,100.000,0.170,204.000,0.090,224.000,0.030,92.000
13.09.1989,1.800,486.000,0.078,78.000,0.270,358.000,0.060,600.000,0.015,67.273
19.09.1989,0.450,124.000,0.029,28.000,0.090,60.000,0.010,91.000,0.010,58.000
11.10.1989,0.540,116.000,0.050,30.000,0.120,94.000,0.030,130.000,0.020,38.000
29.10.1989,1.650,552.000,0.333,196.000,0.330,366.000,0.150,1800.000,0.028,56.000
02.11.1989,0.420,104.000,0.053,14.000,0.120,74.000,0.050,160.000,0.030,60.000
24.11.1989,0.250,158.000,0.033,24.000,0.060,70.000,0.030,184.000,0.020,34.000
16.12.1989,0.640,199.000,0.024,41.385,0.110,154.000,0.060,232.000,0.030,42.000
07.01.1990,0.290,96.000,0.027,16.000,0.060,66.000,0.030,100.000,0.020,30.000
29.01.1990,0.520,90.000,0.065,16.000,0.130,86.000,0.030,160.000,0.020,36.000
14.02.1990,1.180,760.000,0.313,156.000,0.670,940.000,0.480,1256.000,0.130,560.000
15.02.1990,1.960,1224.000,0.357,272.000,1.080,448.000,0.860,680.000,0.190,272.000
16.02.1990,1.676,1001.200,0.113,70.000,0.430,180.000,0.708,563.200,0.070,116.000
20.02.1990,0.540,110.000,0.040,16.000,0.180,88.000,0.100,96.000,0.030,42.000
01.03.1990,1.440,488.000,0.174,88.000,0.360,203.000,0.140,240.000,0.060,128.000
14.03.1990,0.520,286.000,0.035,21.000,0.110,122.000,0.040,83.000,0.020,50.000
05.04.1990,0.320,67.000,0.034,10.000,0.090,52.000,0.050,66.000,0.020,33.000
27.04.1990,0.540,57.000,0.046,14.000,0.080,31.000,0.060,159.000,0.020,51.000
19.05.1990,0.380,233.000,0.039,37.000,0.060,107.000,0.040,194.000,0.020,154.000
24.05.1990,0.542,287.412,0.033,403.000,0.060,557.000,0.040,716.000,0.010,302.000
08.06.1990,2.870,660.000,0.316,232.000,0.560,485.000,0.390,615.000,0.070,182.000
09.06.1990,1.950,349.000,0.193,170.000,0.390,166.000,0.240,137.000,0.060,65.000
10.06.1990,1.900,283.000,0.167,65.000,0.400,145.000,0.220,142.000,0.060,68.000
02.07.1990,0.860,190.000,0.100,27.000,0.150,63.000,0.070,99.000,0.030,44.000
24.07.1990,0.170,101.000,0.029,20.000,0.050,39.000,0.040,73.000,0.020,76.000
15.08.1990,0.290,160.000,0.018,30.000,0.060,96.000,0.000,228.000,0.020,76.000
06.09.1990,0.170,268.000,0.009,119.000,0.030,43.000,0.020,158.000,0.010,82.000
28.09.1990,0.210,140.000,0.018,76.000,0.060,89.000,0.020,166.000,0.020,90.000
20.10.1990,0.210,152.000,0.025,29.000,0.040,57.000,0.010,101.000,0.020,63.000
30.10.1990,1.110,906.000,0.150,291.000,0.260,504.000,0.110,553.000,0.040,234.000
01.11.1990,1.810,815.000,0.156,238.000,0.450,306.000,0.200,520.000,0.050,224.000
11.11.1990,2.100,375.000,0.184,170.000,0.230,199.000,0.080,194.000,0.020,67.000
15.11.1990,2.190,318.000,0.207,101.000,0.510,209.000,0.220,272.000,0.040,66.000
16.11.1990,2.105,312.500,0.144,48.000,0.360,112.000,0.160,146.000,0.039,63.556
27.11.1990,1.170,252.000,0.113,37.000,0.280,79.000,0.110,157.000,0.027,36.667
03.12.1990,0.640,209.000,0.083,8.000,0.160,47.000,0.070,62.000,0.020,22.000
15.01.1991,0.958,89.000,0.063,27.000,0.245,50.000,0.092,70.000,0.021,24.000
06.02.1991,0.264,116.000,0.010,48.000,0.070,65.000,0.032,129.000,0.011,29.000
28.02.1991,0.706,106.000,0.088,76.000,0.118,63.000,0.068,110.000,0.022,29.000
22.03.1991,1.059,344.000,0.096,76.000,0.199,293.000,0.057,426.000,0.033,144.000
13.04.1991,0.527,445.000,0.026,34.000,0.098,271.000,0.031,104.000,0.020,45.000
05.05.1991,0.943,108.000,0.048,28.000,0.111,89.000,0.043,96.000,0.024,38.000
10.05.1991,0.434,720.000,0.024,308.000,0.066,461.000,0.031,609.000,0.021,280.000
12.05.1991,5.562,463.000,0.484,291.000,1.390,768.000,1.551,240.000,0.247,284.000
17.05.1991,3.834,335.000,0.096,62.000,0.340,105.000,0.332,166.000,0.068,65.000
27.05.1991,0.378,79.000,0.032,23.000,0.108,37.000,0.102,60.000,0.031,44.000
16.06.1991,1.046,456.000,0.072,252.000,0.197,327.000,0.118,364.000,0.025,156.000
17.06.1991,4.081,675.000,0.312,199.000,0.579,368.000,0.383,316.000,0.049,202.000
18.06.1991,2.930,300.000,0.134,104.000,0.422,123.000,0.309,153.000,0.036,75.000
10.07.1991,0.257,96.000,0.008,57.000,0.072,45.000,0.027,83.000,0.013,90.000
01.08.1991,0.263,164.000,0.008,43.000,0.062,85.000,0.012,91.000,0.010,67.000
23.08.1991,0.269,181.000,0.005,55.000,0.046,141.000,0.011,249.000,0.019,113.000
14.09.1991,0.136,141.000,0.004,55.000,0.021,78.000,0.001,138.000,0.000,130.000
06.10.1991,0.173,111.000,0.005,32.000,0.045,115.000,0.000,134.000,0.002,64.000
28.10.1991,0.209,81.000,0.004,28.000,0.024,34.000,0.001,178.000,0.011,71.000
18.11.1991,1.374,892.000,0.031,340.000,0.166,421.000,0.103,362.000,0.057,211.000
19.11.1991,3.174,268.000,0.171,124.000,0.532,131.000,0.101,131.000,0.081,68.000
11.12.1991,0.245,91.000,0.005,62.000,0.028,38.000,0.057,107.000,0.020,36.000
21.12.1991,1.634,927.000,0.076,412.000,0.450,529.000,0.046,584.000,0.059,392.000
22.12.1991,7.363,690.000,0.723,226.000,1.259,270.000,0.104,351.000,0.120,190.000
02.01.1992,0.330,230.000,0.009,54.000,0.074,39.000,0.058,111.000,0.020,36.000
24.01.1992,0.280,130.000,0.007,23.000,0.050,94.000,0.060,55.000,0.010,33.000
04.02.1992,1.340,517.000,0.031,229.000,0.201,253.000,0.092,259.000,0.041,61.417
05.02.1992,4.191,576.000,0.237,199.000,0.500,135.000,0.188,130.000,0.044,64.000
15.02.1992,1.037,189.000,0.040,70.000,0.162,65.000,0.132,101.000,0.021,31.000
08.03.1992,0.380,53.000,0.015,11.000,0.060,68.000,0.061,32.000,0.010,25.000
15.03.1992,1.309,822.000,0.224,195.000,0.736,457.000,0.741,423.000,0.055,275.000
30.03.1992,0.631,72.000,0.030,25.000,0.141,48.000,0.131,55.000,0.030,23.000
05.04.1992,1.399,263.000,0.066,51.000,0.237,158.000,0.230,139.000,0.020,240.000
21.04.1992,0.407,96.000,0.040,108.000,0.113,46.000,0.058,64.000,0.027,34.000
13.05.1992,0.377,70.000,0.020,61.000,0.080,35.000,0.041,72.000,0.020,57.000
04.06.1992,0.212,155.000,0.017,54.000,0.076,84.000,0.058,133.000,0.005,51.000
25.06.1992,1.310,548.000,0.112,234.000,0.531,454.000,0.137,388.000,0.015,375.000
26.06.1992,0.656,213.000,0.044,47.000,0.229,134.000,0.149,189.000,0.011,97.000
18.07.1992,0.280,139.000,0.020,40.000,0.097,72.000,0.050,125.000,0.020,42.000
21.07.1992,1.749,350.200,0.087,320.000,0.502,520.000,0.220,508.000,0.162,308.000
23.07.1992,2.729,491.000,0.126,126.000,1.079,356.000,0.491,234.000,0.322,252.000
09.08.1992,0.214,130.000,0.015,83.000,0.075,116.000,0.022,118.000,0.020,151.000
31.08.1992,0.780,269.000,0.041,191.000,0.120,151.000,0.082,180.000,0.021,198.000
22.09.1992,0.307,192.000,0.015,71.000,0.054,72.000,0.004,138.000,0.020,57.000
14.10.1992,0.345,161.000,0.020,34.000,0.065,78.000,0.022,109.000,0.016,30.000
28.10.1992,2.493,415.000,0.166,188.000,0.638,383.000,0.502,360.000,0.139,396.000
29.10.1992,6.916,776.000,0.454,96.000,1.453,332.000,0.839,183.000,0.129,350.500
05.11.1992,0.971,195.000,0.070,24.000,0.241,121.000,0.096,122.000,0.057,32.000
15.11.1992,1.018,676.000,0.089,230.000,0.250,413.000,0.118,402.000,0.058,342.000
20.11.1992,1.408,234.000,0.141,36.000,0.324,130.000,0.166,276.000,0.079,100.000
22.11.1992,2.570,405.000,0.373,217.000,0.884,232.000,0.591,238.000,0.211,170.000
23.11.1992,1.692,172.000,0.233,42.000,0.493,119.000,0.273,114.000,0.198,194.500
26.11.1992,1.840,455.000,0.251,204.000,0.605,364.000,0.417,213.000,0.160,268.000
27.11.1992,1.769,298.000,0.230,36.000,0.500,94.000,0.318,95.000,0.133,85.000
06.12.1992,1.671,647.000,0.169,224.000,0.434,309.000,0.211,356.000,0.103,201.000
08.12.1992,4.406,493.000,0.358,184.000,1.206,228.000,0.732,224.000,0.225,142.000
09.12.1992,2.150,128.000,0.230,62.000,0.617,131.000,0.307,125.000,0.142,50.000
19.12.1992,0.569,152.000,0.085,121.000,0.170,79.000,0.074,99.000,0.053,28.000
10.01.1993,0.380,139.000,0.030,33.000,0.080,49.000,0.050,115.000,0.025,29.000
01.02.1993,0.405,71.000,0.040,49.000,0.125,150.000,0.055,75.000,0.015,20.000
23.02.1993,0.280,103.000,0.020,39.000,0.100,49.000,0.033,86.000,0.010,35.000
17.03.1993,0.312,85.000,0.036,64.000,0.080,44.000,0.041,55.000,0.015,39.000
24.03.1993,1.309,388.000,0.062,86.000,0.118,125.000,0.064,99.000,0.018,49.000
08.04.1993,1.380,204.000,0.111,32.000,0.207,113.000,0.087,89.000,0.052,29.000
30.04.1993,0.280,405.000,0.031,51.000,0.080,141.000,0.031,381.000,0.026,61.000
02.05.1993,1.221,253.000,0.094,368.000,0.212,273.000,0.098,590.000,0.037,194.000
21.05.1993,3.092,908.000,0.396,204.000,0.357,366.000,0.276,725.000,0.066,140.000
22.05.1993,1.450,297.000,0.161,66.000,0.267,119.000,0.167,117.000,0.055,72.000
13.06.1993,0.193,104.000,0.033,73.000,0.089,51.000,0.030,79.000,0.017,56.000
23.06.1993,0.790,1005.000,0.058,292.000,0.133,497.000,0.064,509.000,0.024,284.000
24.06.1993,2.743,449.000,0.167,138.000,0.371,187.000,0.233,230.000,0.070,127.000
05.07.1993,0.350,773.000,0.047,407.000,0.107,544.000,0.079,471.000,0.020,285.000
06.07.1993,4.040,1064.000,0.172,165.000,0.818,272.000,0.633,265.000,0.120,174.000
11.07.1993,9.385,589.000,0.705,236.000,2.109,652.000,1.572,304.000,0.421,411.000
12.07.1993,4.635,311.000,0.470,153.000,1.115,268.000,0.757,212.000,0.138,187.000
13.07.1993,2.554,371.000,0.293,83.000,0.736,173.000,0.411,268.000,0.102,93.000
19.07.1993,1.154,343.000,0.096,144.000,0.281,156.000,0.098,385.000,0.073,61.286
27.07.1993,0.385,80.000,0.042,16.000,0.132,52.000,0.036,46.000,0.034,19.000
18.08.1993,0.180,76.000,0.020,19.000,0.080,48.000,0.037,60.000,0.015,40.000
27.08.1993,1.111,587.000,0.137,1090.000,0.246,393.000,0.143,670.000,0.047,318.000
29.08.1993,1.426,394.000,0.104,162.000,0.341,206.000,0.171,768.000,0.068,86.000
09.09.1993,0.729,149.000,0.062,443.000,0.188,101.000,0.060,272.000,0.030,25.000
01.10.1993,0.386,70.000,0.034,179.000,0.100,65.000,0.032,49.000,0.015,16.000
03.10.1993,1.966,886.000,0.186,274.000,0.475,322.000,0.273,578.000,0.082,292.000
23.10.1993,0.961,120.000,0.085,55.000,0.200,99.000,0.078,87.000,0.046,59.000
14.11.1993,0.722,99.000,0.055,17.000,0.153,55.000,0.068,78.000,0.035,14.000
06.12.1993,0.381,68.000,0.050,33.000,0.085,50.000,0.037,109.000,0.026,21.000
28.12.1993,0.959,68.000,0.055,11.000,0.178,30.000,0.051,40.000,0.040,11.000
03.01.1994,1.590,668.000,0.263,216.000,0.375,163.000,0.215,311.000,0.083,120.000
14.01.1994,1.576,736.000,0.163,208.000,0.349,217.000,0.191,354.000,0.052,48.500
19.01.1994,0.644,66.000,0.042,42.000,0.185,40.000,0.066,63.000,0.038,16.000
24.01.1994,2.009,515.000,0.205,362.000,0.396,54.000,0.104,565.000,0.099,140.000
26.01.1994,2.482,396.000,0.236,185.000,0.703,190.000,0.309,375.000,0.143,108.000
10.02.1994,0.841,67.000,0.057,20.000,0.205,39.000,0.045,52.000,0.042,25.000
04.03.1994,1.097,105.000,0.096,67.000,0.222,64.000,0.114,74.000,0.043,34.000
17.04.1994,0.863,97.000,0.081,66.000,0.207,50.000,0.071,107.000,0.036,15.000
09.05.1994,0.476,118.000,0.033,25.000,0.148,202.000,0.025,126.000,0.030,254.000
19.05.1994,16.448,760.000,1.898,269.000,2.763,708.000,2.534,435.000,1.414,317.000
20.05.1994,3.830,623.000,0.485,104.000,0.782,201.000,0.611,353.000,0.747,360.000
23.05.1994,1.997,392.000,0.332,68.000,0.484,380.000,0.384,290.000,0.148,252.000
24.05.1994,1.807,370.857,0.231,88.000,0.361,198.000,0.322,128.000,0.137,223.000
30.05.1994,0.669,244.000,0.254,72.000,0.345,343.000,0.203,467.000,0.070,49.000
31.05.1994,0.591,102.000,0.149,74.000,0.258,62.000,0.154,57.000,0.059,20.000
19.06.1994,0.911,1024.000,0.103,327.000,0.207,500.000,0.142,471.000,0.045,287.000
20.06.1994,0.847,724.333,0.163,271.000,0.460,324.000,0.295,357.000,0.094,172.000
22.06.1994,0.719,125.000,0.040,36.000,0.181,65.000,0.107,46.000,0.036,27.000
14.07.1994,0.298,147.000,0.015,42.000,0.100,97.000,0.040,126.000,0.010,171.000
05.08.1994,0.309,140.000,0.009,60.000,0.060,39.000,0.030,121.000,0.005,96.000
27.08.1994,0.433,138.000,0.014,75.000,0.100,53.000,0.029,76.000,0.006,68.000
18.09.1994,1.322,221.000,0.042,113.000,0.222,53.000,0.064,78.000,0.028,35.000
10.10.1994,0.519,74.000,0.015,13.000,0.120,29.000,0.032,58.000,0.013,20.000
25.10.1994,4.021,396.500,0.017,201.000,0.103,365.000,0.033,486.000,0.019,13.864
26.10.1994,4.255,418.000,0.084,188.000,0.606,293.000,0.208,265.000,0.019,13.455
01.11.1994,0.755,93.000,0.023,8.000,0.190,40.000,0.054,51.000,0.021,11.000
23.11.1994,0.459,56.000,0.024,6.000,0.151,35.000,0.045,57.000,0.015,26.000
15.12.1994,0.570,71.000,0.020,13.000,0.153,68.000,0.042,34.000,0.018,65.000
30.12.1994,1.753,908.000,0.122,196.000,0.530,520.000,0.403,711.000,0.095,224.000
09.01.1995,0.135,107.000,0.031,4.000,0.175,43.000,0.050,63.000,0.025,15.000
11.01.1995,6.554,917.000,0.295,247.000,1.877,812.000,0.834,764.000,0.286,410.000
22.01.1995,3.137,535.929,0.112,220.000,0.303,102.000,0.165,433.000,0.213,160.143
25.01.1995,2.205,432.000,0.487,228.000,0.654,224.000,0.459,346.000,0.193,92.000
31.01.1995,1.065,70.000,0.116,41.000,0.333,48.000,0.395,350.286,0.067,36.000
22.02.1995,0.833,153.000,0.107,36.000,0.269,35.000,0.159,366.000,0.066,70.000
26.02.1995,1.819,302.000,0.218,70.000,0.525,155.000,0.251,398.000,0.111,36.000
16.03.1995,0.374,53.000,0.044,13.000,0.143,42.000,0.059,25.000,0.038,27.000
20.03.1995,1.664,384.000,0.092,163.000,0.435,248.000,0.187,323.000,0.084,63.000
07.04.1995,0.304,34.000,0.060,8.000,0.178,21.000,0.077,34.000,0.045,36.000
29.04.1995,0.569,393.000,0.035,51.000,0.151,132.000,0.071,120.000,0.026,83.000
31.05.1995,4.970,898.000,0.053,403.000,0.230,608.000,0.127,592.000,0.036,366.000
01.06.1995,5.439,978.000,0.456,248.000,1.139,364.000,1.237,426.000,0.258,274.000
05.06.1995,4.173,799.600,0.078,240.000,0.500,180.000,0.326,296.000,0.091,118.000
11.06.1995,2.274,532.000,0.113,314.000,0.684,280.000,0.489,402.000,0.128,152.000
12.06.1995,0.885,197.000,0.057,105.000,0.409,96.000,0.262,214.000,0.081,51.000
21.06.1995,1.198,545.000,0.358,288.000,0.519,358.000,0.593,608.000,0.221,376.000
04.07.1995,0.369,158.000,0.042,41.000,0.177,74.000,0.079,88.000,0.041,30.000
26.07.1995,0.136,61.000,0.009,13.000,0.054,37.000,0.028,61.000,0.024,35.000
09.08.1995,1.791,556.000,0.066,287.000,0.342,186.000,0.159,668.000,0.080,265.000
17.08.1995,0.213,93.000,0.009,17.000,0.117,42.000,0.042,49.000,0.036,36.000
29.08.1995,1.812,265.000,0.119,275.000,0.303,224.000,0.147,580.000,0.069,109.000
08.09.1995,0.762,81.000,0.011,15.000,0.123,72.000,0.040,64.000,0.039,25.000
13.09.1995,2.192,420.000,0.075,348.000,0.364,272.000,0.230,406.000,0.101,140.000
19.09.1995,1.618,290.118,0.016,102.000,0.140,115.000,0.081,98.000,0.027,66.000
30.09.1995,0.567,52.000,0.022,21.000,0.145,27.000,0.050,51.000,0.051,19.000
22.10.1995,0.187,46.000,0.014,3.000,0.063,47.000,0.026,70.000,0.016,31.000
13.11.1995,0.167,85.000,0.016,6.000,0.038,71.000,0.015,109.000,0.009,17.000
17.11.1995,2.477,242.000,0.232,434.000,0.369,412.000,0.230,716.000,0.033,132.000
05.12.1995,0.142,59.000,0.017,12.000,0.059,40.000,0.016,83.000,0.011,33.000
21.12.1995,1.977,318.000,0.248,164.000,0.461,552.000,0.308,906.000,0.044,196.000
26.12.1995,6.702,1028.000,0.729,116.000,1.761,885.000,0.825,304.000,0.285,185.000
27.12.1995,1.925,151.000,0.324,68.000,0.506,130.000,0.178,132.000,0.084,117.000
01.01.1996,2.006,126.000,0.407,75.000,0.590,128.000,0.397,304.000,0.105,72.000
18.01.1996,0.336,44.000,0.035,5.000,0.100,26.000,0.029,47.000,0.015,10.000
09.02.1996,0.125,52.000,0.020,5.000,0.039,49.000,0.010,53.000,0.013,10.000
02.03.1996,0.196,85.000,0.025,39.000,0.089,29.000,0.014,23.000,0.020,15.000
24.03.1996,0.343,41.000,0.082,34.000,0.063,31.000,0.058,83.000,0.027,16.000
15.04.1996,0.274,99.000,0.024,5.000,0.064,49.000,0.051,44.000,0.016,17.000
07.05.1996,0.171,29.000,0.014,14.000,0.043,38.000,0.032,44.000,0.014,145.000
19.05.1996,1.647,665.000,0.091,200.000,0.285,365.000,0.202,670.000,0.055,215.000
21.05.1996,1.802,265.000,0.104,195.000,0.371,165.000,0.191,340.000,0.073,80.000
29.05.1996,0.923,61.000,0.032,16.000,0.167,27.000,0.134,50.000,0.029,15.000
20.06.1996,0.254,71.000,0.025,0.000,0.045,82.000,0.006,111.000,0.014,28.000
09.07.1996,2.175,943.000,0.296,171.000,0.414,714.000,0.169,728.000,0.095,340.000
12.07.1996,0.548,81.000,0.060,9.000,0.155,40.000,0.047,244.000,0.032,21.000
03.08.1996,0.328,125.000,0.012,24.000,0.051,77.000,0.019,135.000,0.014,37.000
25.08.1996,0.256,267.000,0.013,86.000,0.062,67.000,0.027,136.000,0.013,31.000
16.09.1996,0.126,54.000,0.010,8.000,0.032,26.000,0.021,62.000,0.011,44.000
08.10.1996,0.109,57.000,0.015,12.000,0.034,41.000,0.028,152.000,0.012,24.000
17.10.1996,3.134,684.000,0.294,372.000,0.486,310.000,0.237,448.000,0.084,274.000
30.10.1996,0.435,109.000,0.032,16.000,0.119,48.000,0.056,52.000,0.016,23.000
21.11.1996,0.334,71.000,0.022,13.000,0.093,53.000,0.046,100.000,0.018,20.000
02.12.1996,1.529,675.000,0.081,154.000,0.318,638.000,0.158,563.000,0.073,483.000
13.12.1996,0.320,118.000,0.031,78.000,0.107,90.000,0.055,201.000,0.026,16.000
04.01.1997,0.195,54.000,0.020,20.000,0.097,50.000,0.027,173.000,0.031,5.000
26.01.1997,0.314,62.000,0.030,35.000,0.121,52.000,0.031,82.000,0.017,12.000
17.02.1997,0.464,64.000,0.038,29.000,0.164,41.000,0.044,61.000,0.033,23.000
11.03.1997,0.195,69.000,0.018,22.000,0.069,26.000,0.011,46.000,0.021,18.000
02.04.1997,0.180,50.000,0.013,9.000,0.041,38.000,0.011,46.000,0.015,23.000
24.04.1997,0.105,32.000,0.010,9.000,0.021,21.000,0.004,22.000,0.011,28.000
16.05.1997,0.131,60.000,0.013,13.000,0.031,45.000,0.008,60.000,0.011,65.000
07.06.1997,0.131,88.000,0.010,52.000,0.022,73.000,0.006,104.000,0.010,64.000
22.06.1997,4.394,765.000,0.401,494.000,0.506,448.000,0.175,487.000,0.068,232.000
29.06.1997,0.217,98.000,0.019,20.000,0.086,65.000,0.022,117.000,0.012,43.000
06.07.1997,5.244,1900.000,0.163,330.000,0.680,1015.000,0.210,1105.000,0.093,425.000
21.07.1997,0.403,86.000,0.005,21.000,0.154,147.000,0.040,61.000,0.020,40.000
12.08.1997,0.175,61.000,0.018,32.000,0.030,29.000,0.022,74.000,0.018,44.000
03.09.1997,0.180,67.000,0.011,14.000,0.074,51.000,0.024,64.000,0.014,38.000
25.09.1997,0.127,25.000,0.008,10.000,0.020,70.000,0.005,37.000,0.010,26.000
17.10.1997,0.098,83.000,0.014,14.000,0.028,87.000,0.015,87.000,0.010,33.000
08.11.1997,0.079,50.000,0.012,307.000,0.021,115.000,0.031,75.000,0.010,15.000
30.11.1997,0.081,62.000,0.014,14.000,0.024,94.000,0.014,91.000,0.010,25.000
21.12.1997,1.378,1176.000,0.184,428.000,0.334,1340.000,0.181,1440.000,0.061,340.000
22.12.1997,3.034,271.000,0.533,155.000,1.197,159.000,0.358,148.000,0.139,88.000
13.01.1998,0.133,156.000,0.025,12.000,0.060,102.000,0.029,58.000,0.026,24.000
04.02.1998,0.117,517.000,0.018,85.000,0.034,44.000,0.025,48.000,0.018,18.000
26.02.1998,0.356,58.000,0.024,12.000,0.089,30.000,0.039,59.000,0.025,19.000
20.03.1998,0.625,35.000,0.020,7.000,0.151,40.000,0.033,72.000,0.022,26.000
14.04.1998,0.117,44.000,0.030,10.000,0.034,29.000,0.015,67.000,0.016,26.000
03.05.1998,0.183,85.000,0.029,13.000,0.049,47.000,0.026,53.000,0.012,42.000
25.05.1998,0.170,76.000,0.010,18.000,0.046,20.000,0.015,55.000,0.008,74.000
16.06.1998,0.106,102.000,0.015,11.000,0.031,71.000,0.022,122.000,0.011,63.000
08.07.1998,0.042,120.000,0.010,18.000,0.017,52.000,0.007,94.000,0.005,64.000
30.07.1998,0.033,311.000,0.005,38.000,0.010,136.000,0.001,180.000,0.005,106.000
21.08.1998,0.055,134.000,0.006,83.000,0.006,58.000,0.006,223.000,0.003,111.000
06.09.1998,0.456,539.000,0.039,1060.000,0.066,339.000,0.043,1093.000,0.016,220.000
11.09.1998,3.295,722.000,0.059,355.000,0.536,341.000,0.309,224.000,0.043,122.000
12.09.1998,4.409,270.000,0.095,97.000,0.680,140.000,0.289,173.000,0.052,79.000
04.10.1998,0.869,117.000,0.030,17.000,0.158,71.000,0.046,85.000,0.021,42.000
25.10.1998,2.814,890.000,0.136,136.000,0.679,421.000,0.226,200.000,0.045,82.000
26.10.1998,3.079,201.000,0.106,80.000,0.577,102.000,0.217,121.000,0.054,77.000
29.10.1998,2.085,352.000,0.205,266.000,0.851,465.000,0.221,213.000,0.069,130.000
31.10.1998,2.148,153.000,0.197,139.000,0.801,119.000,0.208,137.000,0.071,53.000
05.11.1998,2.648,391.000,0.367,155.000,0.802,244.000,0.224,470.000,0.089,99.000
11.11.1998,3.162,320.000,0.279,226.000,0.806,230.000,0.291,471.000,0.094,132.000
17.11.1998,1.148,78.000,0.117,19.000,0.324,48.000,0.110,73.000,0.043,16.000
09.12.1998,0.351,58.000,0.015,5.000,0.089,43.000,0.036,103.000,0.018,74.000
04.01.1999,0.450,52.000,0.023,14.000,0.074,33.000,0.034,93.000,0.020,25.000
22.01.1999,0.393,70.000,0.022,19.000,0.054,45.000,0.029,96.000,0.010,16.000
30.01.1999,1.592,580.000,0.043,214.000,0.424,269.000,0.103,313.000,0.022,52.000
13.02.1999,0.808,88.000,0.025,79.000,0.206,61.000,0.061,93.000,0.014,36.000
24.02.1999,1.772,1013.000,0.389,2647.000,0.401,640.000,0.045,1170.000,0.090,402.000
07.03.1999,1.127,69.000,0.245,15.000,0.330,63.000,0.066,46.000,0.067,23.000
29.03.1999,0.200,48.000,0.042,9.000,0.044,22.000,0.002,95.000,0.013,12.000
09.04.1999,0.867,499.000,0.045,273.000,0.167,126.000,0.021,144.000,0.042,69.000
13.04.1999,0.891,383.800,0.034,63.000,0.055,97.000,0.005,138.000,0.023,79.000
19.04.1999,0.926,211.000,0.099,124.000,0.226,120.000,0.030,165.000,0.060,50.000
20.04.1999,0.576,109.000,0.084,35.000,0.178,143.000,0.021,93.000,0.053,26.000
08.05.1999,2.165,795.000,0.132,94.000,0.247,256.000,0.084,220.000,0.043,122.000
15.05.1999,3.205,1400.000,0.293,2780.000,1.038,260.000,0.423,863.000,0.181,447.000
22.05.1999,1.704,275.000,0.111,309.000,0.437,95.000,0.326,325.000,0.110,45.000
02.06.1999,2.232,1480.000,0.111,1088.000,0.334,880.000,0.187,6000.000,0.077,344.000
03.06.1999,2.869,468.000,0.229,104.000,0.582,204.000,0.242,184.000,0.098,60.000
08.06.1999,2.844,768.000,0.040,406.000,0.449,369.000,0.263,443.000,0.099,96.000
25.06.1999,0.192,85.000,0.027,24.000,0.066,40.000,0.005,59.000,0.027,30.000
14.07.1999,2.905,570.000,0.165,596.000,0.395,139.000,0.306,948.000,0.108,158.000
17.07.1999,0.367,100.000,0.042,16.000,0.118,29.000,0.042,45.000,0.036,20.000
08.08.1999,0.126,66.000,0.019,16.000,0.058,39.000,0.001,84.000,0.016,29.000
18.08.1999,0.430,584.000,0.036,420.000,0.113,420.000,0.070,1623.000,0.050,324.000
21.08.1999,1.465,543.000,0.114,600.000,0.541,462.000,0.341,707.000,0.098,416.000
30.08.1999,0.327,102.000,0.040,9.000,0.114,34.000,0.027,42.000,0.029,17.000
20.09.1999,0.533,406.000,0.049,415.000,0.144,246.000,0.063,277.000,0.021,93.000
21.09.1999,1.164,84.000,0.051,72.000,0.300,143.000,0.097,97.000,0.037,25.000
26.09.1999,2.814,244.000,0.058,309.000,0.606,145.000,0.206,201.000,0.069,44.000
13.10.1999,0.273,157.000,0.036,31.000,0.083,46.000,0.025,59.000,0.020,23.000
04.11.1999,1.002,107.000,0.043,41.000,0.248,78.000,0.130,69.000,0.023,16.000
26.11.1999,0.526,75.000,0.032,18.000,0.205,57.000,0.076,47.000,0.038,33.000
18.12.1999,0.544,96.000,0.034,36.000,0.252,102.000,0.105,80.000,0.034,32.000
28.12.1999,3.037,549.000,0.134,821.000,0.957,464.000,0.258,745.000,0.115,118.000
09.01.2000,0.458,69.000,0.042,18.000,0.198,60.000,0.080,38.000,0.041,15.000
31.01.2000,0.736,137.000,0.167,51.000,0.241,79.000,0.141,87.000,0.044,27.000
21.02.2000,1.155,1144.000,0.144,628.000,0.453,392.000,0.186,801.000,0.065,89.000
22.02.2000,0.765,81.000,0.104,22.000,0.344,53.000,0.152,190.000,0.054,17.000
15.03.2000,0.418,83.000,0.058,33.000,0.159,81.000,0.076,159.000,0.030,36.000
06.04.2000,0.335,166.000,0.028,18.000,0.075,87.000,0.032,95.000,0.019,33.000
28.04.2000,0.198,105.000,0.010,19.000,0.035,79.000,0.017,75.000,0.017,38.000
20.05.2000,0.211,79.000,0.009,7.000,0.052,67.000,0.009,26.000,0.013,41.000
01.06.2000,0.834,680.000,0.022,591.000,0.206,304.000,0.106,727.000,0.035,125.000
10.06.2000,0.227,387.000,0.011,100.500,0.043,403.000,0.032,584.000,0.026,300.000
11.06.2000,0.245,429.000,0.010,46.000,0.051,90.000,0.029,104.000,0.022,31.000
03.07.2000,0.363,209.000,0.022,76.000,0.109,171.000,0.029,171.000,0.023,87.000
13.07.2000,0.699,927.000,0.032,313.000,0.131,573.000,0.168,1568.143,0.020,101.000
17.07.2000,1.706,870.000,0.087,1010.000,0.652,460.000,0.223,2127.000,0.093,293.000
25.07.2000,0.228,157.000,0.022,13.000,0.051,42.000,0.024,54.000,0.027,23.000
16.08.2000,0.172,137.000,0.020,24.000,0.033,33.000,0.018,79.000,0.022,22.000
03.09.2000,0.652,680.000,0.028,1164.000,0.071,71.000,0.027,848.000,0.020,352.000
07.09.2000,0.592,96.000,0.043,33.000,0.081,39.000,0.028,62.000,0.024,16.000
22.09.2000,1.177,720.000,0.047,700.000,0.482,500.000,0.121,1590.000,0.046,250.000
29.09.2000,0.195,144.000,0.018,20.000,0.039,67.000,0.014,64.000,0.021,36.000
21.10.2000,0.247,72.000,0.024,19.000,0.044,47.000,0.019,92.000,0.019,17.000
12.11.2000,0.237,127.000,0.027,13.000,0.045,65.000,0.013,60.000,0.021,18.000
04.12.2000,0.245,66.000,0.030,17.000,0.092,55.000,0.026,48.000,0.029,19.000
26.12.2000,0.288,99.000,0.030,9.000,0.061,42.000,0.025,46.000,0.030,23.000
09.01.2001,2.391,617.000,0.105,325.000,0.801,358.000,0.236,615.000,0.113,157.000
19.01.2001,0.261,60.000,0.029,12.000,0.042,37.000,0.026,36.000,0.032,21.000
10.02.2001,0.193,44.000,0.020,28.000,0.070,34.000,0.014,32.000,0.025,16.000
03.03.2001,1.222,525.000,0.056,175.000,0.207,665.000,0.137,965.000,0.049,160.000
05.03.2001,4.325,740.000,0.401,540.000,1.242,555.000,0.440,1380.000,0.139,230.000
14.03.2001,3.817,1074.000,0.413,737.000,1.461,390.000,0.309,253.000,0.178,28.000
18.03.2001,0.715,192.000,0.116,82.000,0.253,122.000,0.123,104.000,0.073,83.000
22.03.2001,2.242,245.000,0.246,249.000,0.817,262.000,0.323,473.000,0.153,76.000
25.03.2001,2.945,610.000,0.320,700.000,1.178,398.000,0.413,1350.000,0.228,538.000
26.03.2001,1.631,143.000,0.163,18.000,0.480,80.000,0.224,164.000,0.119,51.000
12.04.2001,0.978,270.000,0.114,360.000,0.237,112.000,0.173,171.000,0.083,46.000
16.04.2001,1.967,265.000,0.193,87.000,0.232,172.000,0.150,95.000,0.074,46.000
17.04.2001,1.451,102.000,0.125,22.000,0.243,43.000,0.145,61.000,0.070,26.000
22.04.2001,3.507,226.000,0.144,63.000,0.901,205.000,0.311,163.000,0.118,18.000
27.04.2001,1.437,240.000,0.107,120.000,0.390,116.000,0.155,853.000,0.086,177.000
09.05.2001,0.351,65.000,0.055,34.000,0.096,42.000,0.023,71.000,0.033,26.000
31.05.2001,0.618,677.000,0.028,139.000,0.093,202.000,0.022,165.000,0.022,72.000
12.06.2001,1.180,1120.000,0.100,700.000,0.414,420.000,0.149,1435.000,0.075,130.000
22.06.2001,0.416,165.000,0.044,23.000,0.139,39.000,0.033,82.000,0.035,34.000
14.07.2001,0.349,345.000,0.028,235.000,0.050,300.000,0.022,195.000,0.022,100.000
18.07.2001,1.006,760.000,0.135,380.000,0.391,610.000,0.182,1090.000,0.068,2200.000
05.08.2001,0.665,150.000,0.030,55.000,0.258,72.000,0.053,114.000,0.028,50.000
27.08.2001,0.164,115.000,0.012,40.000,0.048,49.000,0.013,14.000,0.014,55.000
17.09.2001,2.879,360.000,0.105,790.000,0.529,188.000,0.246,196.000,0.106,88.000
18.09.2001,1.781,113.000,0.063,48.000,0.432,61.000,0.159,176.000,0.073,30.000
24.09.2001,2.108,236.000,0.111,524.000,0.606,89.000,0.221,821.000,0.112,145.000
01.11.2001,1.049,149.000,0.051,14.000,0.124,48.000,0.037,59.000,0.027,16.000
23.11.2001,0.468,109.000,0.065,12.000,0.239,83.000,0.092,67.000,0.035,33.000
15.12.2001,0.244,65.000,0.030,38.000,0.053,79.000,0.002,112.000,0.025,35.000
08.01.2002,0.197,42.000,0.020,51.000,0.056,28.000,0.006,58.000,0.028,19.000
30.01.2002,0.310,66.000,0.033,11.000,0.064,27.000,0.028,45.000,0.028,15.000
08.02.2002,0.976,413.000,0.075,268.000,0.280,201.000,0.131,109.000,0.043,43.000
21.02.2002,0.405,73.000,0.035,10.000,0.052,33.000,0.021,39.000,0.024,14.000
05.03.2002,0.575,1240.000,0.072,710.000,0.273,339.000,0.131,142.000,0.074,76.000
17.03.2002,0.374,43.000,0.029,10.000,0.064,18.000,0.019,33.000,0.015,43.000
07.04.2002,0.109,36.000,0.019,9.000,0.036,10.000,0.004,34.000,0.009,31.000
28.04.2002,0.277,38.000,0.024,8.000,0.049,23.000,0.016,29.000,0.011,34.000
06.05.2002,0.451,550.000,0.054,420.000,0.249,435.000,0.136,1723.000,0.044,340.000
20.05.2002,0.233,57.000,0.027,13.000,0.053,30.000,0.010,45.000,0.018,29.000
29.05.2002,0.659,498.000,0.038,344.000,0.162,269.000,0.063,176.000,0.033,65.000
10.06.2002,2.804,1219.000,0.083,488.000,0.745,419.000,0.253,904.000,0.067,86.000
11.06.2002,1.133,144.000,0.046,29.000,0.432,90.000,0.126,94.000,0.043,47.000
03.07.2002,0.176,68.000,0.016,19.000,0.041,58.000,0.001,80.000,0.011,29.000
25.07.2002,0.267,126.000,0.016,22.000,0.041,127.000,0.009,69.000,0.012,30.000
13.08.2002,0.692,395.000,0.036,1318.000,0.368,282.000,0.087,1423.000,0.033,243.000
16.08.2002,0.308,102.000,0.021,19.000,0.104,45.000,0.015,49.000,0.018,26.000
07.09.2002,0.274,87.000,0.017,25.000,0.053,45.000,0.013,50.000,0.012,30.000
25.09.2002,3.255,346.000,0.115,1080.000,0.910,314.000,0.338,1440.000,0.152,280.000
29.09.2002,0.645,69.000,0.036,21.000,0.148,55.000,0.054,73.000,0.052,23.000
15.10.2002,3.739,382.000,0.198,830.000,0.714,64.000,0.269,164.000,0.107,95.000
20.10.2002,1.007,216.000,0.093,124.000,0.365,148.000,0.145,290.000,0.077,80.000
21.10.2002,0.749,83.000,0.080,35.000,0.269,68.000,0.114,82.000,0.069,76.000
03.11.2002,4.376,668.000,0.303,324.000,0.925,187.000,0.363,188.000,0.148,68.000
11.11.2002,3.572,308.000,0.224,380.000,0.748,197.000,0.291,140.000,0.139,40.000
12.11.2002,2.212,157.000,0.115,39.000,0.511,70.000,0.208,70.000,0.100,27.000
18.11.2002,1.349,685.000,0.125,405.000,0.425,405.000,0.163,236.000,0.087,120.000
04.12.2002,0.731,64.000,0.043,17.000,0.141,67.000,0.062,97.000,0.047,21.000
25.12.2002,0.754,872.000,0.048,243.000,0.195,615.000,0.048,154.000,0.048,36.000
26.12.2002,0.648,65.000,0.041,17.000,0.150,47.000,0.037,46.000,0.046,16.000
17.01.2003,0.203,53.000,0.022,17.000,0.043,44.000,0.032,47.000,0.025,33.000
08.02.2003,0.379,105.000,0.041,45.000,0.165,50.000,0.052,57.000,0.037,49.000
02.03.2003,2.399,280.000,0.228,184.000,0.151,133.000,0.195,110.000,0.069,57.000
24.03.2003,0.237,92.000,0.014,61.000,0.053,22.000,0.014,27.000,0.015,24.000
15.04.2003,0.244,496.000,0.019,13.000,0.048,24.000,0.023,22.000,0.013,38.000
07.05.2003,0.215,144.000,0.013,19.000,0.035,48.000,0.015,63.000,0.012,60.000
29.05.2003,0.243,442.000,0.012,418.000,0.071,123.000,0.016,1570.000,0.009,110.000
19.06.2003,0.140,200.000,0.009,48.000,0.030,53.000,0.005,104.000,0.005,97.000
14.07.2003,0.177,230.000,0.010,67.000,0.021,705.000,0.001,127.000,0.000,93.000
03.08.2003,0.110,242.000,0.010,98.000,0.016,288.000,0.001,302.000,0.000,142.000
25.08.2003,0.107,166.000,0.005,99.000,0.010,246.000,0.001,214.000,0.000,134.000
16.09.2003,0.153,75.000,0.010,17.000,0.015,178.000,0.001,90.000,0.001,65.000
08.10.2003,2.967,215.000,0.043,133.000,0.374,147.000,0.081,156.000,0.031,131.000
30.10.2003,0.281,262.000,0.021,54.000,0.024,49.000,0.017,74.000,0.012,80.000
23.11.2003,0.301,111.000,0.007,9.000,0.042,50.000,0.044,93.000,0.009,67.000
12.12.2003,0.236,340.000,0.019,65.050,0.046,533.000,0.018,331.000,0.008,35.000
13.12.2003,0.233,101.000,0.020,68.000,0.052,98.000,0.011,224.000,0.008,38.000
04.01.2004,0.299,92.000,0.013,6.000,0.041,31.000,0.058,94.000,0.011,104.000
11.01.2004,1.627,460.000,0.066,260.000,0.239,450.000,0.171,2245.333,0.054,120.000
13.01.2004,3.623,990.000,0.153,230.000,1.092,308.000,0.204,2860.000,0.168,1510.000
14.01.2004,3.575,245.000,0.135,191.000,1.120,145.000,0.193,2646.077,0.177,88.000
17.01.2004,3.016,196.500,0.081,74.000,0.433,157.000,0.160,2004.308,0.095,101.000
26.01.2004,0.558,76.000,0.021,14.000,0.115,50.000,0.061,79.000,0.035,276.000
17.02.2004,0.283,125.000,0.017,9.000,0.087,39.000,0.084,54.000,0.029,30.000
11.03.2004,0.435,54.000,0.020,26.000,0.098,43.000,0.057,55.000,0.026,23.000
01.04.2004,0.307,96.000,0.027,44.000,0.069,25.000,0.043,38.000,0.029,32.000
23.04.2004,0.303,39.000,0.076,65.897,0.082,35.000,0.025,35.000,0.012,40.000
16.05.2004,0.513,83.000,0.009,15.000,0.072,44.000,0.025,45.000,0.016,42.000
03.06.2004,9.003,615.000,0.768,3570.000,2.171,933.000,1.104,11030.000,0.722,2170.000
06.06.2004,0.876,106.000,0.115,33.000,0.267,68.000,0.130,123.000,0.063,41.000
28.06.2004,0.509,104.000,0.060,26.000,0.038,30.000,0.009,46.000,0.009,18.000
20.07.2004,0.142,102.000,0.005,19.000,0.020,55.000,0.000,64.000,0.003,43.000
11.08.2004,0.105,143.000,0.007,19.000,0.027,112.000,0.017,76.000,0.001,71.000
26.08.2004,2.562,2630.000,0.099,1303.000,0.157,633.000,0.007,72.591,0.010,190.000
02.09.2004,0.189,440.000,0.003,17.000,0.021,224.000,0.003,71.000,0.000,143.000
24.09.2004,0.407,313.000,0.008,23.000,0.029,259.000,0.011,144.000,0.001,128.000
16.10.2004,0.206,233.000,0.024,73.000,0.038,143.000,0.015,293.000,0.014,199.000
07.11.2004,0.094,1045.000,0.019,10.000,0.044,61.000,0.022,69.000,0.018,74.000
29.11.2004,0.069,49.000,0.009,13.000,0.017,58.000,0.006,69.000,0.009,31.000
20.12.2004,0.624,235.000,0.020,12.432,0.083,104.000,0.066,113.000,0.013,223.000
05.01.2005,0.342,81.000,0.029,12.000,0.049,33.000,0.011,80.000,0.015,236.000
12.02.2005,1.742,473.000,0.219,252.000,0.208,1090.000,0.129,1820.000,0.011,122.000
20.02.2005,0.337,47.000,0.019,12.000,0.104,42.000,0.023,143.000,0.014,47.000
13.03.2005,0.540,123.000,0.016,12.000,0.162,45.000,0.015,58.000,0.025,62.000
03.04.2005,0.291,300.000,0.020,19.000,0.045,28.000,0.015,39.000,0.013,22.000
08.04.2005,2.560,1120.000,0.241,412.000,0.286,646.000,0.275,319.833,0.069,215.000
09.04.2005,3.709,772.000,0.198,252.000,0.776,1304.000,0.327,376.000,0.119,168.000
17.04.2005,4.647,883.000,0.278,69.000,0.294,368.000,0.226,525.333,0.053,59.000
25.04.2005,0.404,240.000,0.026,48.000,0.068,44.000,0.058,210.000,0.028,35.000
17.05.2005,0.309,1060.000,0.056,43.000,0.061,119.000,0.027,106.000,0.020,91.000
23.05.2005,1.873,950.000,0.175,614.000,0.292,790.000,0.210,6550.000,0.069,280.000
08.06.2005,0.154,199.000,0.008,29.000,0.047,59.000,0.009,387.000,0.008,37.000
14.06.2005,0.663,525.000,0.062,1300.000,0.126,2950.000,0.010,303.545,0.021,60.000
30.06.2005,0.182,730.000,0.038,778.316,0.040,112.000,0.011,81.000,0.009,22.000
22.07.2005,0.194,204.000,0.004,61.000,0.048,85.000,0.008,96.000,0.019,81.000
02.08.2005,0.556,1883.000,0.031,347.000,0.059,493.000,0.010,79.000,0.027,127.000
13.08.2005,0.175,183.000,0.022,34.000,0.061,204.000,0.013,62.000,0.027,64.000
15.08.2005,2.045,1900.000,0.084,500.000,0.662,1800.000,0.273,7200.000,0.105,1050.000
22.08.2005,14.119,1000.000,0.059,535.000,8.552,1300.000,0.997,24100.000,0.591,15300.000
04.09.2005,0.085,78.000,0.013,600.000,0.019,400.000,0.012,700.000,0.019,5500.000
26.09.2005,0.158,160.000,0.061,523.786,0.038,57.000,0.010,101.000,0.014,38.000
02.10.2005,2.759,500.000,0.074,503.000,0.365,340.000,0.011,89.000,0.065,180.000
05.10.2005,1.017,330.000,0.016,283.000,0.232,243.000,0.012,83.000,0.038,710.000
18.10.2005,0.151,99.000,0.004,20.000,0.045,112.000,0.015,57.000,0.016,41.000
09.11.2005,0.199,106.000,0.010,14.000,0.053,97.000,0.019,82.000,0.009,25.000
01.12.2005,0.156,164.000,0.010,52.000,0.030,104.000,0.019,68.000,0.006,27.000
20.12.2005,0.333,54.000,0.018,9.000,0.073,63.000,0.019,58.000,0.015,34.000
04.01.2006,0.555,182.000,0.029,14.000,0.134,164.000,0.051,58.000,0.032,27.000
26.01.2006,0.227,103.000,0.012,13.000,0.058,55.000,0.037,56.000,0.013,5.000
16.02.2006,0.817,169.818,0.122,920.000,0.097,480.000,0.103,141.909,0.058,600.000
17.02.2006,0.845,173.000,0.092,106.000,0.211,144.000,0.106,146.000,0.067,35.000
09.03.2006,3.712,2400.000,0.173,300.000,1.950,100.000,0.469,3150.000,0.293,1250.000
10.03.2006,1.576,450.000,0.153,100.000,0.548,250.000,0.248,375.000,0.155,100.000
11.03.2006,1.175,124.000,0.076,36.000,0.455,96.000,0.225,89.000,0.140,55.000
23.03.2006,1.282,375.294,0.251,225.000,0.170,215.000,0.213,336.765,0.112,38.000
28.03.2006,1.327,480.000,0.132,115.000,0.229,70.000,0.208,440.000,0.129,76.000
02.04.2006,0.626,65.000,0.030,39.000,0.174,60.000,0.090,79.000,0.018,29.000
09.04.2006,4.843,265.000,0.399,281.000,1.764,158.000,0.679,720.000,0.241,34.000
24.04.2006,0.414,80.000,0.031,35.000,0.099,53.000,0.061,265.000,0.022,32.000
16.05.2006,0.624,42.000,0.018,29.000,0.108,62.000,0.070,72.000,0.024,44.000
21.05.2006,0.584,570.000,0.020,333.000,0.133,705.000,0.071,453.000,0.076,92.462
29.05.2006,3.494,728.000,0.366,1533.000,1.088,368.000,0.406,960.000,0.159,170.000
07.06.2006,0.366,67.000,0.033,28.000,0.097,95.000,0.036,71.000,0.034,48.000
29.06.2006,0.164,61.000,0.012,65.000,0.036,62.000,0.018,473.000,0.018,70.000
21.07.2006,0.130,58.000,0.005,44.000,0.013,136.000,0.006,121.000,0.009,93.000
12.08.2006,0.366,151.000,0.023,30.000,0.053,109.000,0.022,73.000,0.010,80.000
28.08.2006,1.497,728.000,0.137,314.000,0.383,398.000,0.184,602.000,0.014,51.636
03.09.2006,0.334,114.000,0.012,32.000,0.122,98.000,0.026,73.000,0.016,41.000
17.09.2006,0.494,605.000,0.013,510.000,0.103,338.000,0.059,655.000,0.016,555.000
25.09.2006,0.287,73.000,0.005,23.000,0.102,62.000,0.024,99.000,0.017,29.000
02.10.2006,2.015,575.000,0.066,220.000,0.442,310.000,0.215,375.000,0.016,24.864
04.10.2006,1.163,560.000,0.058,193.867,0.262,141.000,0.204,357.324,0.016,23.682
17.10.2006,0.208,70.000,0.004,24.000,0.070,55.000,0.134,242.432,0.015,16.000
08.11.2006,0.164,68.000,0.003,25.000,0.020,35.000,0.016,48.000,0.010,27.000
30.11.2006,0.186,80.000,0.003,24.000,0.038,93.000,0.012,53.000,0.008,33.000
10.12.2006,1.321,596.000,0.093,222.000,0.300,194.000,0.136,337.000,0.011,30.895
19.12.2006,0.243,77.000,0.011,31.000,0.078,82.000,0.016,45.000,0.013,29.000
13.01.2007,0.347,48.000,0.031,16.000,0.099,44.000,0.028,28.000,0.016,20.000
04.02.2007,0.138,58.000,0.019,16.000,0.052,59.000,0.012,30.000,0.007,21.000
26.02.2007,0.515,110.000,0.043,27.000,0.115,75.000,0.053,68.000,0.016,27.000
01.03.2007,0.597,850.000,0.053,650.000,0.168,305.000,0.085,700.000,0.025,600.000
02.03.2007,3.416,720.000,0.266,210.000,0.918,290.000,0.359,700.000,0.025,569.895
20.03.2007,0.683,335.000,0.023,28.000,0.118,81.000,0.080,47.000,0.016,28.000
11.04.2007,0.350,41.000,0.025,9.000,0.079,29.000,0.087,19.000,0.015,15.000
02.05.2007,0.189,47.000,0.020,37.000,0.058,30.000,0.021,95.000,0.006,31.000
05.05.2007,1.268,485.000,0.025,34.000,0.245,650.000,0.204,930.000,0.007,31.273
24.05.2007,0.423,134.000,0.058,15.000,0.060,144.000,0.024,73.000,0.014,33.000
28.05.2007,1.395,256.667,0.296,520.000,0.447,600.000,0.416,760.000,0.058,382.778
02.06.2007,2.609,410.000,0.262,394.211,0.571,390.000,0.444,840.000,0.114,820.000
16.06.2007,2.810,341.077,0.167,42.000,0.204,91.000,0.159,79.000,0.054,47.000
08.07.2007,3.126,232.769,0.096,23.000,0.183,83.000,0.064,101.000,0.030,52.000
24.07.2007,3.356,154.000,0.229,501.000,0.590,280.000,0.292,740.000,0.107,397.000
30.07.2007,1.230,178.000,0.099,50.000,0.217,136.000,0.077,58.000,0.033,40.000
09.08.2007,9.305,550.000,0.442,850.000,5.921,417.000,0.056,52.091,0.990,550.000
21.08.2007,0.314,66.000,0.312,628.000,0.149,64.000,0.031,45.000,0.052,21.000
29.08.2007,2.432,452.000,0.226,480.000,0.770,154.000,0.440,590.000,0.341,383.000
12.09.2007,0.205,71.000,0.026,37.000,0.086,351.000,0.019,42.000,0.013,26.000
04.10.2007,1.139,322.000,0.094,53.000,0.164,338.000,0.085,131.000,0.032,34.000
26.10.2007,0.137,66.000,0.021,32.000,0.041,166.000,0.013,48.000,0.005,26.000
17.11.2007,0.332,68.000,0.020,21.000,0.100,80.000,0.021,47.000,0.005,30.000
03.12.2007,0.769,640.000,0.048,71.000,0.242,197.000,0.098,111.000,0.019,909.000
09.12.2007,1.338,158.000,0.044,48.000,0.338,124.000,0.127,135.000,0.041,46.000
03.01.2008,0.135,94.000,0.002,14.000,0.038,84.000,0.021,40.000,0.025,22.000
06.01.2008,0.159,86.500,0.039,556.000,0.198,139.000,0.023,39.045,0.054,141.000
25.01.2008,0.309,39.000,0.008,19.000,0.057,55.000,0.037,33.000,0.031,25.000
18.02.2008,0.181,73.000,0.011,15.000,0.048,61.000,0.028,53.000,0.020,35.000
09.03.2008,0.190,61.000,0.013,28.000,0.035,75.000,0.022,46.000,0.017,33.000
31.03.2008,0.375,52.000,0.029,23.000,0.071,111.000,0.042,70.000,0.037,18.000
22.04.2008,5.309,1818.000,0.230,411.000,1.152,1068.000,0.445,773.000,0.217,473.000
14.05.2008,0.190,132.000,0.007,15.000,0.035,61.000,0.017,23.000,0.118,261.500
05.06.2008,0.457,137.000,0.005,19.000,0.055,152.000,0.035,76.000,0.019,50.000
11.06.2008,0.358,122.000,0.004,20.091,0.214,579.000,0.323,1920.000,0.172,4133.000
27.06.2008,0.095,82.000,0.002,23.000,0.018,85.000,0.011,43.000,0.013,37.000
19.07.2008,0.503,90.000,0.021,30.000,0.085,63.000,0.049,54.000,0.024,26.000
10.08.2008,0.064,97.000,0.006,33.000,0.014,121.000,0.016,67.000,0.011,44.000
15.08.2008,3.649,616.000,0.160,478.000,0.977,1045.000,0.367,1435.000,0.166,226.000
01.09.2008,0.171,58.000,0.013,25.000,0.025,50.000,0.015,45.000,0.017,38.000
13.09.2008,6.332,666.000,0.238,466.000,1.929,795.000,0.541,332.000,0.260,558.000
23.09.2008,0.336,80.000,0.015,51.000,0.042,67.000,0.024,72.000,0.024,33.000
29.10.2008,1.666,167.000,0.140,69.000,0.183,120.000,0.026,46.818,0.023,17.273
06.11.2008,0.441,50.000,0.017,11.000,0.085,32.000,0.038,29.000,0.028,14.000
28.11.2008,0.387,69.000,0.019,22.000,0.120,36.000,0.038,45.000,0.021,9.000
20.12.2008,0.845,43.000,0.036,73.000,0.347,103.000,0.067,121.000,0.029,16.000
20.01.2009,3.257,369.000,0.148,337.000,1.205,362.000,0.249,942.000,0.037,16.000
26.01.2009,0.605,162.000,0.045,16.000,0.117,41.000,0.063,31.000,0.038,16.000
17.02.2009,0.583,47.000,0.033,15.000,0.062,19.000,0.035,49.000,0.024,9.000
11.03.2009,1.844,184.000,0.136,53.000,0.660,142.000,0.265,100.000,0.120,37.000
02.04.2009,0.450,38.000,0.054,14.000,0.065,51.000,0.048,23.000,0.037,10.000
24.04.2009,0.151,51.000,0.019,23.000,0.037,35.000,0.012,40.000,0.017,20.000
16.05.2009,0.091,65.000,0.014,13.000,0.020,83.000,0.010,25.000,0.017,17.000
07.06.2009,0.098,104.000,0.009,16.000,0.013,148.000,0.009,56.000,0.008,26.000
15.06.2009,1.134,708.267,0.043,210.133,0.138,11283.000,0.060,802.947,0.011,26.364
29.06.2009,0.369,74.000,0.028,13.000,0.061,97.000,0.019,43.000,0.016,27.000
17.07.2009,3.125,673.000,0.194,577.000,0.536,595.000,0.175,713.000,0.060,547.000
21.07.2009,0.505,88.000,0.025,29.000,0.136,121.000,0.028,51.000,0.021,27.000
28.07.2009,3.158,2233.000,0.163,1613.000,1.369,1467.000,0.297,3453.000,0.059,851.500
12.08.2009,0.681,100.000,0.030,18.000,0.217,74.000,0.196,2083.135,0.031,19.000
03.09.2009,0.357,79.000,0.022,21.000,0.123,163.000,0.048,74.000,0.014,47.000
25.09.2009,0.070,35.000,0.007,14.000,0.016,46.000,0.009,40.000,0.005,22.000
17.10.2009,0.101,79.000,0.017,23.000,0.012,62.000,0.010,63.000,0.006,22.000
08.11.2009,0.108,43.000,0.022,29.000,0.018,61.000,0.013,52.000,0.007,26.000
30.11.2009,0.656,177.000,0.027,20.000,0.101,142.000,0.053,58.000,0.019,95.000
08.12.2009,1.641,295.214,0.125,189.143,1.577,127.000,0.290,558.143,0.092,269.643
21.12.2009,0.131,64.000,0.022,22.000,0.018,91.000,0.024,53.000,0.011,18.000
30.12.2009,3.581,873.000,0.207,640.000,1.182,377.000,0.406,2320.000,0.165,313.000
09.01.2010,0.197,82.000,0.040,50.000,0.063,109.000,0.030,51.000,0.019,33.000
31.01.2010,0.126,63.000,0.023,12.000,0.029,77.000,0.016,24.000,0.010,11.000
22.02.2010,0.439,44.000,0.037,34.000,0.066,57.000,0.036,20.000,0.017,15.000
16.03.2010,0.141,47.000,0.030,12.000,0.021,60.000,0.020,20.000,0.009,15.000
07.04.2010,0.171,43.000,0.027,15.000,0.020,40.000,0.021,29.000,0.009,14.000
29.04.2010,0.132,44.000,0.015,11.000,0.009,33.000,0.011,26.000,0.006,18.000
13.05.2010,2.702,1950.000,0.195,265.000,0.501,1225.000,0.222,1750.000,0.010,14.182
21.05.2010,0.321,111.000,0.036,17.000,0.061,48.000,0.034,32.000,0.013,12.000
31.05.2010,1.027,525.000,0.084,490.000,0.354,650.000,0.233,106.000,0.012,14.727
12.06.2010,0.180,80.000,0.023,26.000,0.033,92.000,0.027,46.000,0.010,18.000
17.06.2010,2.038,552.000,0.070,505.000,0.846,582.000,0.337,690.000,0.086,800.000
19.06.2010,6.046,737.000,0.290,2770.000,3.138,970.000,0.746,1840.000,0.422,667.000
04.07.2010,0.408,148.000,0.014,21.000,0.074,129.000,0.102,27.000,0.021,39.000
26.07.2010,0.169,70.000,0.011,20.000,0.034,71.000,0.046,58.000,0.011,23.000
29.07.2010,7.065,1210.000,0.188,2087.000,1.410,446.000,0.486,1325.000,0.181,1007.000
15.08.2010,2.794,806.000,0.068,870.000,0.480,188.000,0.150,182.421,0.041,117.632
17.08.2010,0.899,96.000,0.032,22.000,0.254,87.000,0.110,48.000,0.024,13.000
27.08.2010,0.519,564.000,0.025,830.000,0.091,640.000,0.070,560.000,0.019,13.000
08.09.2010,0.289,58.000,0.016,8.000,0.061,40.000,0.044,44.000,0.013,13.000
25.09.2010,3.114,768.000,0.079,853.000,0.992,640.000,0.333,1190.000,0.101,155.000
30.09.2010,0.376,56.000,0.017,40.000,0.115,67.000,0.054,66.000,0.020,33.000
22.10.2010,0.419,57.000,0.023,7.000,0.133,35.000,0.061,34.000,0.020,8.000
13.11.2010,0.315,69.000,0.031,14.000,0.093,66.000,0.046,37.000,0.013,14.000
16.11.2010,2.082,776.000,0.092,236.000,0.600,551.000,0.253,146.000,0.064,14.000
05.12.2010,0.251,53.000,0.015,16.000,0.034,46.000,0.049,71.000,0.008,18.000
07.12.2010,3.042,543.000,0.119,870.000,1.042,317.000,0.439,1000.000,0.130,148.000
27.12.2010,0.727,103.000,0.033,59.000,0.172,78.000,0.109,48.000,0.025,20.000
16.01.2011,0.765,39.000,0.048,8.000,0.205,44.000,0.117,27.000,0.029,6.000
07.02.2011,0.288,32.000,0.018,9.000,0.041,58.000,0.046,15.000,0.010,6.000
01.03.2011,0.722,48.000,0.045,15.000,0.115,77.000,0.086,33.000,0.014,19.000
23.03.2011,0.203,42.000,0.025,25.000,0.026,59.000,0.034,39.000,0.007,20.000
14.04.2011,0.167,36.000,0.005,22.000,0.017,68.000,0.024,24.000,0.006,29.000
06.05.2011,0.088,61.000,0.004,23.000,0.012,65.000,0.014,27.000,0.004,23.000
15.05.2011,0.505,102.000,0.018,64.000,0.081,111.000,0.085,68.000,0.010,45.000
28.05.2011,0.117,74.000,0.004,21.000,0.014,103.000,0.014,64.000,0.006,35.000
19.06.2011,0.109,131.000,0.006,14.000,0.012,136.000,0.024,78.000,0.006,26.000
08.07.2011,2.940,1193.000,0.027,633.000,0.482,1780.000,0.189,1793.000,0.039,913.000
11.07.2011,1.144,124.000,0.046,32.000,0.375,258.000,0.121,82.000,0.023,27.000
13.07.2011,5.457,643.000,0.031,394.000,1.503,677.000,0.397,747.000,0.111,277.000
15.07.2011,1.122,203.000,0.043,96.000,0.351,137.000,0.116,89.000,0.031,48.000
18.07.2011,0.984,173.000,0.042,51.000,0.255,146.000,0.103,84.000,0.026,53.000
20.07.2011,1.052,229.000,0.042,63.000,0.287,135.000,0.124,163.000,0.032,57.000
02.08.2011,0.162,49.000,0.018,17.000,0.029,50.000,0.028,31.000,0.013,19.000
15.08.2011,0.362,131.000,0.031,171.429,0.114,793.000,0.137,627.000,0.034,508.316
24.08.2011,0.594,198.000,0.040,147.000,0.240,87.000,0.108,345.000,0.051,883.000
27.08.2011,0.364,55.000,0.034,43.000,0.080,64.000,0.058,93.000,0.022,53.000
04.09.2011,0.654,388.000,0.018,222.529,0.094,335.000,0.096,988.000,0.031,139.000
15.09.2011,0.155,54.000,0.017,20.000,0.022,60.000,0.022,45.000,0.011,30.000
07.10.2011,0.442,134.000,0.026,20.000,0.050,136.000,0.043,66.000,0.011,51.000
08.10.2011,1.158,472.000,0.063,448.000,0.115,180.000,0.060,213.000,0.013,97.000
10.10.2011,1.892,127.000,0.076,82.000,0.385,90.000,0.181,109.000,0.044,97.000
29.10.2011,0.155,50.000,0.016,29.000,0.023,57.000,0.015,36.000,0.008,40.000
20.11.2011,0.059,39.000,0.011,19.000,0.012,54.000,0.008,39.000,0.011,19.000
12.12.2011,0.194,64.000,0.024,18.000,0.045,56.000,0.030,50.000,0.043,40.000
14.12.2011,0.372,67.000,0.039,46.667,0.109,131.000,0.093,143.500,0.050,146.000
16.12.2011,1.036,864.000,0.065,68.000,0.305,140.000,0.157,237.000,0.057,252.000
19.12.2011,0.572,202.000,0.033,387.000,0.138,235.000,0.072,426.000,0.026,280.000
03.01.2012,0.977,84.000,0.076,41.000,0.234,83.000,0.127,69.000,0.054,36.000
04.01.2012,1.280,263.000,0.079,86.000,0.285,124.000,0.168,149.500,0.056,204.000
06.01.2012,1.534,358.000,0.083,93.176,0.465,170.000,0.200,114.000,0.091,74.000
25.01.2012,1.016,96.000,0.061,18.000,0.219,56.000,0.096,37.000,0.041,20.000
16.02.2012,0.228,64.000,0.024,21.000,0.032,284.000,0.017,41.000,0.014,17.000
09.03.2012,0.181,28.000,0.026,13.000,0.039,38.000,0.018,23.000,0.012,9.000
19.03.2012,0.701,347.000,0.045,31.000,0.112,94.000,0.051,165.000,0.013,44.000
31.03.2012,0.218,40.000,0.022,27.000,0.029,34.000,0.004,16.000,0.008,18.000
22.04.2012,0.635,49.000,0.035,19.000,0.103,75.000,0.023,23.000,0.018,28.000
14.05.2012,0.383,43.000,0.029,17.000,0.050,80.000,0.014,55.000,0.010,34.000
15.05.2012,0.301,43.000,0.025,17.000,0.039,80.000,0.008,55.000,0.009,34.000
05.06.2012,0.291,124.000,0.022,25.000,0.056,117.000,0.032,73.000,0.008,36.000
08.06.2012,3.885,932.000,0.141,520.000,0.650,346.000,0.281,653.000,0.082,105.000
12.06.2012,4.069,311.000,0.129,365.000,0.756,285.000,0.352,970.000,0.129,231.000
27.06.2012,0.222,82.000,0.026,38.000,0.040,72.000,0.018,65.000,0.012,35.000
19.07.2012,0.216,73.000,0.022,28.000,0.051,108.000,0.023,58.000,0.012,32.000
10.08.2012,0.198,69.000,0.018,21.000,0.029,67.000,0.015,59.000,0.009,28.000
16.08.2012,3.318,704.000,0.076,293.000,0.413,520.000,0.188,384.000,0.047,173.000
01.09.2012,3.900,431.000,0.133,181.000,1.494,390.000,0.485,335.000,0.170,220.000
23.09.2012,1.186,163.000,0.072,41.000,0.225,123.000,0.148,80.000,0.041,29.000
09.10.2012,5.215,640.176,0.120,300.000,0.578,553.000,0.415,590.000,0.198,685.000
10.10.2012,5.467,670.000,0.206,285.000,1.881,317.000,0.706,1130.000,0.508,947.000
12.10.2012,1.128,163.000,0.098,59.000,0.384,113.000,0.238,83.000,0.110,48.000
15.10.2012,1.063,229.000,0.063,47.000,0.225,102.000,0.147,80.000,0.055,25.000
05.11.2012,2.865,374.000,0.134,101.000,0.484,139.000,0.297,288.000,0.115,39.000
06.11.2012,1.655,162.000,0.102,61.000,0.339,293.000,0.203,82.000,0.065,23.000
11.11.2012,3.607,590.000,0.153,290.000,0.995,283.000,0.401,800.000,0.212,420.000
28.11.2012,0.457,111.000,0.036,37.000,0.128,84.000,0.135,197.000,0.039,84.000
15.12.2012,1.199,184.429,0.165,580.000,1.122,288.000,0.414,640.000,0.116,84.000
20.12.2012,1.067,78.000,0.109,23.000,0.390,69.000,0.178,63.000,0.106,39.000
09.01.2013,0.414,58.000,0.034,77.000,0.089,57.000,0.038,47.000,0.034,28.000
31.01.2013,1.426,132.000,0.119,44.000,0.304,96.000,0.169,61.000,0.083,21.000
22.02.2013,0.413,29.000,0.024,15.000,0.107,40.000,0.048,32.000,0.033,23.000
16.03.2013,0.332,50.000,0.023,24.000,0.049,71.000,0.028,35.000,0.020,14.000
07.04.2013,0.444,57.000,0.041,12.000,0.083,46.000,0.048,30.000,0.027,10.000
19.04.2013,1.540,449.000,0.133,1081.000,0.294,391.000,0.192,758.000,0.079,201.000
29.04.2013,0.463,54.000,0.055,23.000,0.101,45.000,0.066,41.000,0.040,24.000
10.05.2013,1.705,398.000,0.149,354.000,0.421,517.000,0.232,290.000,0.091,64.000
21.05.2013,0.326,81.000,0.027,32.000,0.066,35.000,0.050,59.000,0.028,22.000
31.05.2013,1.188,616.800,0.176,570.000,0.793,613.000,0.325,2513.000,0.160,693.000
03.06.2013,1.004,462.000,0.108,378.000,0.370,364.000,0.164,768.000,0.106,324.000
10.06.2013,1.183,352.000,0.149,70.000,0.574,330.000,0.357,338.000,0.228,102.000
12.06.2013,0.506,109.000,0.063,28.000,0.179,78.000,0.101,59.000,0.068,28.000
03.07.2013,1.083,378.000,0.138,405.000,0.205,238.000,0.096,237.000,0.063,34.682
04.07.2013,1.065,193.000,0.132,90.000,0.207,138.000,0.112,150.000,0.063,35.000
26.07.2013,0.125,61.000,0.016,21.000,0.023,44.000,0.017,55.000,0.016,34.000
29.07.2013,0.786,368.000,0.068,176.000,0.210,478.000,0.133,214.000,0.034,69.000
17.08.2013,0.071,56.000,0.010,19.000,0.011,47.000,0.015,50.000,0.008,28.000
08.09.2013,0.131,56.000,0.015,42.000,0.029,43.000,0.046,70.000,0.016,75.000
19.09.2013,0.884,263.000,0.078,80.000,0.141,106.000,0.089,198.000,0.030,42.000
30.09.2013,0.089,50.000,0.017,16.000,0.014,46.000,0.021,67.000,0.010,24.000
22.10.2013,0.163,58.000,0.030,15.000,0.030,64.000,0.024,47.000,0.014,14.000
29.10.2013,1.505,573.000,0.121,510.571,0.334,268.000,0.153,117.000,0.063,35.000
03.11.2013,2.868,277.000,0.198,577.000,1.059,489.000,0.418,845.000,0.196,406.000
13.11.2013,0.586,69.000,0.038,23.000,0.124,59.000,0.082,50.000,0.029,17.000
05.12.2013,0.204,43.000,0.017,12.000,0.038,34.000,0.031,27.000,0.014,12.000
26.12.2013,1.826,152.000,0.076,62.000,0.264,254.000,0.129,147.000,0.026,18.682
27.12.2013,1.283,119.000,0.051,20.000,0.245,75.000,0.111,61.000,0.026,19.000
08.01.2014,0.415,35.000,0.030,16.000,0.046,31.000,0.041,28.000,0.017,11.000
30.01.2014,0.351,35.000,0.019,11.000,0.034,28.000,0.031,30.000,0.012,11.000
14.02.2014,0.944,99.200,0.084,79.824,0.188,109.000,0.066,110.000,0.024,11.882
21.02.2014,0.724,67.000,0.045,28.000,0.091,41.000,0.045,80.000,0.016,20.000
15.03.2014,0.180,32.000,0.018,11.000,0.034,24.000,0.027,18.000,0.009,11.000
06.04.2014,0.093,46.000,0.016,16.000,0.014,27.000,0.007,25.000,0.007,22.000
27.04.2014,1.389,210.000,0.076,95.000,0.113,189.000,0.112,283.000,0.022,197.000
28.04.2014,1.507,138.000,0.076,85.000,0.105,89.000,0.085,76.000,0.022,46.000
20.05.2014,0.214,58.000,0.018,26.000,0.024,38.000,0.019,48.000,0.010,21.000
11.06.2014,0.095,82.000,0.012,26.000,0.009,51.000,0.004,79.000,0.008,34.000
24.06.2014,0.859,473.000,0.033,98.000,0.106,467.000,0.060,180.000,0.008,32.227
03.07.2014,0.267,142.000,0.015,19.000,0.022,89.000,0.018,62.000,0.007,31.000
08.07.2014,1.646,238.000,0.059,127.000,0.224,222.000,0.166,327.000,0.025,36.000
11.07.2014,3.746,221.000,0.092,967.667,0.518,439.000,0.293,571.000,0.056,60.600
22.07.2014,6.218,515.000,0.213,480.000,1.907,820.000,0.643,444.000,0.227,443.000
25.07.2014,0.663,114.000,0.015,27.000,0.168,96.000,0.118,93.000,0.022,26.000
28.07.2014,2.906,482.000,0.149,925.000,0.675,607.000,0.159,222.000,0.025,39.500
11.08.2014,7.406,772.000,0.227,557.000,1.298,723.000,0.462,370.000,0.171,196.000
16.08.2014,1.603,147.000,0.104,86.000,0.504,76.000,0.252,58.000,0.072,23.000
07.09.2014,0.207,76.000,0.018,19.000,0.052,56.000,0.043,38.000,0.011,23.000
29.09.2014,0.188,57.000,0.015,14.000,0.025,46.000,0.013,51.000,0.008,20.000
08.10.2014,1.975,723.000,0.077,327.000,0.267,873.000,0.079,3358.000,0.033,83.000
21.10.2014,3.611,737.000,0.165,211.000,0.723,505.000,0.141,189.000,0.040,40.000
05.11.2014,1.876,398.000,0.072,92.364,0.300,490.000,0.222,303.375,0.028,22.273
12.11.2014,0.432,83.000,0.028,37.000,0.117,60.000,0.041,166.000,0.022,14.000
04.12.2014,0.206,54.000,0.024,21.000,0.046,66.000,0.019,77.000,0.014,35.000
26.12.2014,0.183,50.000,0.020,16.000,0.042,66.000,0.015,31.000,0.009,17.000
04.01.2015,3.635,530.000,0.276,847.000,0.827,817.000,0.418,2267.000,0.219,683.000
17.01.2015,1.449,113.000,0.070,26.000,0.374,110.000,0.116,61.000,0.101,44.000
08.02.2015,0.311,79.000,0.033,20.000,0.105,42.000,0.044,21.000,0.056,12.000
24.02.2015,1.441,76.000,0.080,240.000,0.259,270.000,0.113,300.000,0.044,124.762
02.03.2015,2.576,142.000,0.387,242.000,0.433,43.000,0.384,354.000,0.169,45.000
24.03.2015,0.334,35.000,0.026,20.000,0.073,34.000,0.031,30.000,0.015,22.000
30.03.2015,1.710,214.455,0.045,145.250,0.207,588.000,0.165,997.000,0.055,72.000
15.04.2015,0.295,44.000,0.023,12.000,0.076,45.000,0.024,24.000,0.021,17.000
28.04.2015,3.132,850.000,0.166,320.000,0.694,1540.000,0.403,2980.000,0.148,255.000
01.05.2015,3.831,650.500,0.335,1115.000,1.341,463.000,0.539,1973.000,0.383,1633.000
06.05.2015,4.996,318.000,0.356,473.000,2.189,289.000,0.742,428.000,0.503,505.000
07.05.2015,1.617,114.000,0.152,55.000,0.519,104.000,0.241,94.000,0.157,40.000
15.05.2015,1.440,188.000,0.110,140.000,0.319,248.000,0.177,73.636,0.075,205.333
29.05.2015,0.691,97.000,0.050,25.000,0.174,62.000,0.066,38.000,0.029,20.000
01.06.2015,1.506,533.000,0.065,300.000,0.210,807.000,0.101,1477.000,0.050,319.100
20.06.2015,0.409,110.000,0.037,34.000,0.160,75.000,0.096,62.000,0.045,28.000
12.07.2015,0.095,60.000,0.012,26.000,0.020,51.000,0.013,56.000,0.012,31.000
03.08.2015,0.114,54.000,0.007,28.000,0.011,78.000,0.010,56.000,0.008,29.000
25.08.2015,0.253,105.000,0.014,32.000,0.027,96.000,0.010,74.000,0.008,27.000
16.09.2015,0.084,73.000,0.004,26.000,0.007,51.000,0.003,131.000,0.004,27.000
08.10.2015,0.072,67.000,0.004,34.000,0.007,55.000,0.004,160.000,0.004,26.000
30.10.2015,0.102,54.000,0.010,20.000,0.010,46.000,0.005,86.000,0.010,19.000
21.11.2015,1.636,623.000,0.117,147.000,0.235,693.000,0.071,1420.000,0.029,84.000
22.11.2015,0.510,310.000,0.027,70.000,0.049,285.000,0.014,131.000,0.008,25.000
13.12.2015,0.135,45.000,0.013,17.000,0.017,63.000,0.006,42.000,0.005,13.000
