Depth [m],17/10/1957,22/04/1958,29/09/1965,15/02/1966,04/07/1966,25/08/1966,30/03/1967,30/10/1967,30/09/1969,31/03/1970,29/09/1970,13/04/1971,14/09/1971,23/03/1972,12/10/1972,04/04/1973,30/10/1973,11/03/1974,04/04/1974,08/04/1974,06/05/1974,04/06/1974,01/07/1974,29/07/1974,26/08/1974,23/09/1974,22/10/1974,04/11/1974,02/12/1974,08/01/1975,06/02/1975,15/04/1975,07/10/1975,13/04/1976,11/10/1976,07/03/1977,24/10/1977,19/10/1981,07/12/1981,11/01/1982,08/02/1982,08/03/1982,05/04/1982,03/05/1982,01/06/1982,28/06/1982,26/07/1982,23/08/1982,20/09/1982,18/10/1982,15/11/1982,13/12/1982,17/01/1983,21/02/1983,21/03/1983,18/04/1983,24/05/1983,20/06/1983,11/07/1983,29/08/1983,26/09/1983,24/10/1983,21/11/1983,12/12/1983,23/01/1984,20/02/1984,19/03/1984,16/04/1984,14/05/1984,12/06/1984,09/07/1984,06/08/1984,03/09/1984,01/10/1984,29/10/1984,26/11/1984,16/01/1985,11/02/1985,11/03/1985,09/04/1985,06/05/1985,03/06/1985,02/07/1985,29/07/1985,26/08/1985,23/09/1985,21/10/1985,18/11/1985,16/12/1985,10/02/1986,17/03/1986,07/04/1986,05/05/1986,02/06/1986,30/06/1986,28/07/1986,25/08/1986,22/09/1986,20/10/1986,17/11/1986,15/12/1986,14/01/1987,09/02/1987,09/03/1987,06/04/1987,04/05/1987,01/06/1987,29/06/1987,27/07/1987,24/08/1987,21/09/1987,19/10/1987,16/11/1987,14/12/1987,11/01/1988,08/02/1988,07/03/1988,05/04/1988,02/05/1988,30/05/1988,27/06/1988,25/07/1988,22/08/1988,19/09/1988,17/10/1988,14/11/1988,12/12/1988,09/01/1989,06/02/1989,06/03/1989,03/04/1989,01/05/1989,29/05/1989,26/06/1989,24/07/1989,21/08/1989,18/09/1989,16/10/1989,13/11/1989,11/12/1989,08/01/1990,05/02/1990,05/03/1990,02/04/1990,30/04/1990,28/05/1990,25/06/1990,23/07/1990,20/08/1990,17/09/1990,15/10/1990,12/11/1990,10/12/1990,14/01/1991,11/02/1991,11/03/1991,08/04/1991,06/05/1991,03/06/1991,01/07/1991,29/07/1991,26/08/1991,23/09/1991,21/10/1991,18/11/1991,23/12/1991,13/01/1992,10/02/1992,09/03/1992,06/04/1992,04/05/1992,01/06/1992,01/07/1992,27/07/1992,24/08/1992,21/09/1992,19/10/1992,16/11/1992,14/12/1992,11/01/1993,08/02/1993,08/03/1993,05/04/1993,03/05/1993,01/06/1993,05/07/1993,26/07/1993,23/08/1993,20/09/1993,18/10/1993,15/11/1993,10/01/1994,07/02/1994,07/03/1994,05/04/1994,01/05/1994,30/05/1994,29/06/1994,24/07/1994,21/08/1994,18/09/1994,17/10/1994,14/11/1994,11/12/1994,08/01/1995,06/02/1995,06/03/1995,02/04/1995,30/04/1995,30/05/1995,26/06/1995,24/07/1995,20/08/1995,17/09/1995,16/10/1995,10/12/1995,07/01/1996,05/02/1996,10/03/1996,01/04/1996,28/04/1996,03/06/1996,24/06/1996,28/07/1996,18/08/1996,15/09/1996,15/10/1996,11/11/1996,08/12/1996,13/01/1997,16/02/1997,09/03/1997,06/04/1997,05/05/1997,02/06/1997,30/06/1997,27/07/1997,24/08/1997,22/09/1997,20/10/1997,18/11/1997,15/12/1997,12/01/1998,16/02/1998,09/03/1998,06/04/1998,04/05/1998,02/06/1998,29/06/1998,27/07/1998,24/08/1998,21/09/1998,19/10/1998,14/12/1998,11/01/1999,08/02/1999,08/03/1999,06/04/1999,03/05/1999,31/05/1999,28/06/1999,26/07/1999,23/08/1999,20/09/1999,18/10/1999,15/11/1999,13/12/1999,10/01/2000,07/02/2000,08/03/2000,04/04/2000,01/05/2000,29/05/2000,26/06/2000,24/07/2000,21/08/2000,18/09/2000,16/10/2000,13/11/2000,11/12/2000,15/01/2001,12/02/2001,12/03/2001,09/04/2001,07/05/2001,05/06/2001,02/07/2001,30/07/2001,27/08/2001,24/09/2001,22/10/2001,19/11/2001,17/12/2001,14/01/2002,18/02/2002,11/03/2002,08/04/2002,06/05/2002,03/06/2002,01/07/2002,29/07/2002,26/08/2002,23/09/2002,21/10/2002,18/11/2002,16/12/2002,13/01/2003,10/02/2003,10/03/2003,07/04/2003,05/05/2003,30/06/2003,28/07/2003,25/08/2003,22/09/2003,20/10/2003,17/11/2003,15/12/2003,12/01/2004,16/02/2004,08/03/2004,05/04/2004,03/05/2004,01/06/2004,28/06/2004,26/07/2004,23/08/2004,20/09/2004,18/10/2004,15/11/2004,15/12/2004,10/01/2005,14/02/2005,07/03/2005,04/04/2005,30/05/2005,27/06/2005,18/07/2005,25/08/2005,19/09/2005,17/10/2005,14/11/2005,12/12/2005,09/01/2006,06/02/2006,13/03/2006,03/04/2006,29/05/2006,26/06/2006,19/07/2006,23/08/2006,20/09/2006,16/10/2006,13/11/2006,11/12/2006,15/01/2007,12/02/2007,12/03/2007,10/04/2007,10/05/2007,04/06/2007,02/07/2007,24/07/2007,27/08/2007,24/09/2007,22/10/2007,26/11/2007,17/12/2007,14/01/2008,11/02/2008,10/03/2008,07/04/2008,02/06/2008,30/06/2008,21/07/2008,25/08/2008,22/09/2008,15/12/2008,09/02/2009,09/03/2009,04/05/2009,02/06/2009,29/06/2009,20/07/2009,31/08/2009,21/09/2009,19/10/2009,16/11/2009,14/12/2009,15/02/2010,15/03/2010,17/05/2010,24/08/2010,27/09/2010,14/02/2011,21/03/2011,16/05/2011,19/09/2011,10/10/2011,14/11/2011,13/02/2012,19/03/2012,21/05/2012,24/09/2012,15/10/2012,19/11/2012,18/03/2013,22/04/2013,21/10/2013,11/11/2013,17/03/2014,14/04/2014,20/10/2014,10/11/2014,23/03/2015,27/04/2015,12/10/2015,21/03/2016,19/04/2016,10/10/2016,20/03/2017,10/04/2017,01/06/2017,12/07/2017,10/08/2017,07/09/2017,03/10/2017,16/10/2017,15/11/2017,07/02/2018,07/03/2018,19/03/2018,04/04/2018,09/04/2018,02/05/2018,14/06/2018,11/07/2018,08/08/2018,04/09/2018,03/10/2018,08/10/2018,08/11/2018,18/03/2019,09/04/2019,14/10/2019,16/03/2020,21/04/2020,12/10/2020,04/01/2021
0.0,10.0,211.0,39.0,251.0,105.0,75.0,380.0,120.0,204.0,285.0,75.0,270.0,144.0,325.0,160.0,520.0,170.0,477.0,500.0,350.0,381.0,338.0,372.0,48.0,88.0,157.0,235.0,313.0,372.0,451.0,520.0,477.0,50.0,385.0,87.0,388.0,65.0,67.0,191.0,283.0,299.0,309.0,310.0,293.0,175.0,115.0,33.0,28.0,18.0,57.0,98.0,246.0,290.0,291.0,271.0,272.0,217.0,163.0,33.0,31.0,27.0,25.0,113.0,250.0,251.0,250.0,250.0,237.0,171.0,95.0,39.0,26.0,31.0,30.0,51.0,169.0,206.0,210.0,206.0,201.0,163.0,105.0,40.0,23.0,18.0,19.0,19.0,52.0,151.0,201.0,195.0,195.0,202.0,100.0,59.0,26.0,32.0,62.0,28.0,125.0,176.0,172.0,177.0,182.0,176.0,109.0,31.0,43.0,50.0,34.0,19.0,42.0,94.0,169.0,154.0,153.0,152.0,136.0,58.0,23.0,29.0,25.0,22.0,17.0,17.0,70.0,153.0,131.0,135.0,131.0,129.0,83.0,52.0,21.0,18.0,29.0,26.0,20.0,56.0,106.0,107.0,109.0,103.0,65.0,91.0,37.0,47.0,15.0,18.0,15.0,31.0,67.0,111.0,119.0,119.0,115.0,113.0,74.0,18.0,20.0,17.0,12.0,10.0,25.0,49.0,112.0,108.0,109.0,110.0,104.0,93.0,24.0,34.0,33.0,27.0,13.0,18.0,64.0,96.0,90.0,99.0,103.0,83.0,20.0,19.0,23.0,26.0,16.0,18.0,18.0,29.0,95.0,94.0,98.0,90.0,51.0,63.0,13.0,15.0,19.0,40.0,35.0,36.0,77.0,87.0,87.0,83.0,79.0,37.0,16.0,25.0,37.0,19.0,22.0,18.0,91.0,96.0,93.0,88.0,90.0,64.0,23.0,39.0,27.0,27.0,14.0,12.0,21.0,91.0,93.0,98.0,104.0,88.0,41.0,34.0,30.0,23.0,19.0,19.0,32.6,58.8,109.5,104.8,94.4,95.7,98.0,45.5,20.0,33.7,18.5,23.7,26.5,26.0,106.4,101.1,105.8,98.3,40.3,47.2,21.7,43.6,27.9,22.7,26.9,25.8,44.2,93.2,92.7,87.5,84.4,88.5,23.0,16.3,22.5,32.3,20.6,22.6,30.7,25.0,39.0,45.0,60.0,87.0,52.0,62.0,27.0,40.8,38.2,22.7,38.9,29.9,69.6,49.4,51.2,59.2,51.0,92.5,37.4,33.6,32.2,20.9,19.9,34.6,45.0,41.6,65.6,54.7,50.6,56.3,83.0,36.2,16.3,7.3,13.4,14.2,26.0,28.6,47.1,50.1,48.3,42.4,49.2,27.2,23.1,29.1,21.2,23.2,23.3,28.9,28.8,40.0,43.0,41.1,39.4,35.8,15.4,19.5,22.4,49.3,33.9,42.4,49.0,45.3,45.1,44.5,45.9,56.3,41.0,19.5,19.6,48.3,142.0,30.7,32.8,45.1,35.9,38.2,41.7,42.3,15.0,19.7,25.6,34.4,43.3,23.1,30.7,33.2,33.6,30.9,31.4,34.0,32.7,11.2,18.4,31.7,34.0,38.1,28.9,24.1,26.8,18.6,11.2,18.6,40.0,43.7,31.0,32.2,30.1,28.5,24.5,31.9,51.5,26.5,33.1,25.6,25.5,11.5,24.5,29.1,7.3,23.6,27.1,15.7,33.6,47.0,37.1,28.2,65.7,27.4,35.3,25.5,26.3,27.8,38.0,21.9,14.6,17.7,23.9,33.2,18.8,24.8,27.6,19.3,11.7,17.0,0.0,8.4,32.6,25.0,20.0,22.0,22.0,15.0,26.6,14.3,8.2,10.4,8.6,14.4,18.4,28.7,15.0,18.0,20.4,18.5,16.2,11.0,13.2,14.5
2.5,,,,,,,,,,,,,,,,,,419.0,,367.0,383.0,309.0,395.0,97.0,88.0,156.0,,235.0,402.0,463.0,519.0,,,,,,,65.0,191.0,283.0,299.0,309.5,311.5,297.5,206.5,111.0,34.0,30.5,19.5,56.5,94.5,254.5,289.5,293.5,272.0,269.5,218.0,171.5,55.5,27.5,23.0,28.5,117.0,250.0,251.0,248.0,248.0,243.0,168.0,103.0,39.0,32.0,30.0,30.0,51.0,169.0,206.0,210.0,209.0,203.0,162.0,102.0,32.0,23.0,19.0,19.0,19.0,44.0,151.0,195.0,200.0,197.0,212.0,103.0,62.0,40.0,32.0,31.0,28.0,121.0,176.0,172.0,177.0,179.0,179.0,135.0,31.0,46.0,54.0,34.0,20.0,40.0,93.0,169.0,154.0,153.0,149.0,139.0,60.0,24.0,27.0,29.0,20.0,17.0,24.0,71.0,138.0,131.0,135.0,131.0,128.0,83.0,52.0,25.0,48.0,24.0,24.0,18.0,60.0,106.0,107.0,109.0,103.0,103.0,95.0,39.0,54.0,15.0,13.0,14.0,30.0,69.0,111.0,119.0,116.0,113.0,111.0,78.0,22.0,28.0,19.0,11.0,10.0,21.0,50.0,109.0,108.0,108.0,110.0,101.0,105.0,25.0,36.0,50.0,22.0,16.0,19.0,64.0,93.0,90.0,97.0,99.0,92.0,20.0,19.0,28.0,35.0,16.0,18.0,17.0,29.0,95.0,94.0,98.0,90.0,60.0,57.0,19.0,16.0,13.0,30.0,28.0,35.0,75.0,87.0,87.0,83.0,80.0,37.0,16.0,22.0,44.0,19.0,20.0,14.0,88.0,92.0,93.0,88.0,90.0,68.0,23.0,43.0,33.0,27.0,13.0,11.0,21.0,94.0,92.0,92.0,93.0,88.0,40.0,33.0,30.0,13.0,25.0,20.0,28.3,56.9,104.0,102.7,94.4,95.7,95.5,46.0,17.3,30.2,18.5,23.7,37.9,20.4,106.4,101.1,102.0,98.3,105.9,55.5,25.8,47.3,26.6,26.2,26.3,23.4,41.2,96.9,92.7,87.5,84.4,75.6,23.5,15.1,19.0,35.5,19.7,18.7,24.9,31.0,46.0,59.0,60.0,64.0,54.0,67.0,24.0,78.0,31.7,23.5,42.0,22.2,41.9,51.6,46.9,51.7,48.1,96.5,34.1,24.8,35.8,24.2,16.6,25.8,43.3,41.7,54.9,53.2,49.7,56.8,57.0,32.9,20.3,8.4,8.9,15.8,24.4,23.1,44.4,45.7,44.4,42.2,49.4,33.9,24.1,28.9,34.2,19.2,22.4,24.0,27.6,34.9,38.2,39.0,35.7,38.4,14.1,23.4,15.3,54.8,34.9,38.6,35.4,43.8,42.3,44.5,185.5,45.2,34.5,15.2,17.7,50.2,24.1,30.3,29.3,39.5,37.7,36.9,43.3,45.3,18.0,30.4,25.5,35.3,42.8,26.9,27.9,27.4,33.9,33.3,29.7,32.6,31.8,9.6,18.4,27.3,30.8,42.3,26.1,21.2,25.0,23.1,13.3,19.2,42.6,38.4,31.1,33.9,27.6,25.3,24.9,27.5,49.8,50.4,28.7,26.6,26.9,10.0,24.8,29.0,9.1,21.6,24.1,16.4,30.5,48.1,32.7,27.2,61.1,30.4,30.7,24.7,27.7,31.1,31.6,22.3,18.7,21.2,24.8,34.2,18.2,27.1,24.4,21.1,12.7,19.0,23.1,8.0,24.7,30.0,20.0,20.7,21.0,18.0,25.1,17.4,10.3,11.4,10.7,13.5,22.3,19.2,12.4,17.4,20.1,17.5,18.4,12.0,15.7,15.0
5.0,10.0,172.0,36.0,254.0,140.0,70.0,370.0,145.0,336.0,290.0,85.0,265.0,64.0,285.0,170.0,460.0,190.0,436.0,480.0,382.0,390.0,382.0,407.0,185.0,186.0,145.0,270.0,249.0,339.0,459.0,517.0,397.0,185.0,417.0,110.0,375.0,65.0,63.0,191.0,283.0,299.0,310.0,313.0,302.0,238.0,107.0,35.0,33.0,21.0,56.0,91.0,263.0,289.0,296.0,273.0,267.0,219.0,180.0,78.0,24.0,19.0,32.0,121.0,250.0,251.0,250.0,248.0,246.0,176.0,110.0,46.0,29.0,32.0,34.0,60.0,171.0,224.0,211.0,209.0,201.0,166.0,115.0,31.0,25.0,19.0,19.0,20.0,46.0,148.0,197.0,200.0,197.0,193.0,115.0,71.0,40.0,31.0,30.0,28.0,121.0,178.0,172.0,177.0,179.0,179.0,150.0,56.0,58.0,28.0,35.0,26.0,40.0,94.0,169.0,154.0,153.0,149.0,144.0,77.0,31.0,32.0,32.0,22.0,19.0,27.0,66.0,138.0,131.0,135.0,131.0,128.0,78.0,64.0,27.0,31.0,25.0,27.0,19.0,55.0,106.0,107.0,109.0,103.0,115.0,95.0,59.0,49.0,35.0,24.0,14.0,27.0,73.0,112.0,119.0,116.0,113.0,113.0,80.0,45.0,40.0,55.0,12.0,10.0,20.0,50.0,110.0,105.0,108.0,110.0,102.0,82.0,79.0,46.0,65.0,48.0,17.0,19.0,74.0,93.0,90.0,97.0,99.0,90.0,23.0,19.0,26.0,35.0,24.0,18.0,19.0,30.0,95.0,94.0,98.0,91.0,61.0,60.0,44.0,23.0,12.0,31.0,27.0,36.0,77.0,87.0,87.0,83.0,80.0,38.0,18.0,24.0,35.0,20.0,23.0,19.0,87.0,92.0,93.0,88.0,89.0,57.0,24.0,39.0,38.0,35.0,14.0,13.0,20.0,94.0,92.0,92.0,94.0,88.0,61.0,29.0,28.0,43.0,16.0,16.0,29.7,58.8,101.3,102.7,94.4,95.7,95.5,53.6,18.4,29.7,30.0,17.1,20.5,18.9,106.4,101.1,102.0,98.3,101.2,65.3,33.0,52.1,40.8,33.8,28.6,24.0,38.7,94.1,92.7,87.5,84.4,78.5,29.7,15.1,17.8,37.6,20.1,18.7,23.8,29.0,39.0,50.0,56.0,71.0,50.0,54.0,37.0,92.5,49.8,39.8,36.2,35.5,37.7,52.2,49.4,54.7,48.5,69.3,43.0,30.8,36.9,40.0,26.9,24.2,46.2,43.6,55.4,52.1,52.7,55.4,55.7,61.8,26.8,8.2,10.4,15.3,22.2,24.8,43.4,42.2,45.4,43.2,46.9,72.4,34.1,26.5,65.6,23.1,23.9,25.7,26.6,34.0,38.5,40.2,38.3,39.8,18.2,22.3,32.8,53.8,34.5,35.4,31.9,46.5,43.2,43.4,49.0,47.6,47.9,22.3,17.6,43.1,27.0,32.9,33.3,39.0,37.4,37.0,42.0,40.9,28.7,23.6,32.4,30.4,54.5,28.9,29.3,29.2,33.6,32.2,30.1,33.2,31.4,11.3,22.7,33.0,29.9,38.1,32.9,24.0,25.9,33.2,11.1,21.3,31.7,43.2,34.0,29.1,27.6,22.2,23.5,28.5,44.4,54.1,30.0,25.3,26.2,11.9,24.9,30.5,6.3,21.1,25.5,21.1,56.6,43.3,33.1,26.9,36.1,31.8,29.7,25.5,26.9,29.7,32.0,21.7,41.3,18.1,23.6,29.2,18.3,26.9,31.3,30.3,13.5,26.0,18.3,11.9,23.1,24.0,20.0,20.4,20.0,16.0,25.2,31.6,9.4,13.4,9.6,14.4,19.8,18.7,12.6,16.5,17.8,20.1,17.1,13.0,20.8,11.9
7.5,10.0,185.0,,,,,,,,,,,,,,460.0,330.0,431.0,,467.0,404.0,473.0,497.0,482.0,496.0,443.0,,293.0,374.0,448.0,492.0,,,,212.0,,,80.5,192.0,282.0,298.5,310.0,312.5,299.0,274.0,218.0,185.0,172.0,159.5,126.5,91.0,255.5,288.5,294.0,272.0,266.5,231.5,219.0,171.5,85.5,108.0,64.5,125.5,252.0,251.0,250.0,248.0,244.0,168.0,179.0,59.0,31.0,45.0,35.0,84.0,172.0,219.0,211.0,208.0,201.0,161.0,129.0,103.0,24.0,17.0,21.0,18.0,48.0,151.0,194.0,200.0,197.0,194.0,143.0,114.0,44.0,29.0,31.0,43.0,116.0,178.0,172.0,177.0,181.0,175.0,175.0,120.0,95.0,29.0,23.0,18.0,45.0,93.0,169.0,154.0,153.0,149.0,144.0,103.0,27.0,30.0,30.0,22.0,21.0,38.0,66.0,138.0,131.0,135.0,131.0,128.0,78.0,86.0,30.0,31.0,27.0,28.0,20.0,48.0,106.0,107.0,109.0,103.0,103.0,88.0,52.0,48.0,42.0,45.0,35.0,35.0,71.0,108.0,120.0,116.0,113.0,113.0,74.0,45.0,37.0,39.0,34.0,18.0,21.0,50.0,109.0,108.0,108.0,110.0,102.0,77.0,69.0,56.0,41.0,32.0,21.0,19.0,74.0,93.0,90.0,97.0,99.0,90.0,42.0,38.0,26.0,20.0,19.0,16.0,16.0,29.0,95.0,94.0,98.0,91.0,61.0,65.0,35.0,29.0,36.0,30.0,26.0,48.0,79.0,87.0,87.0,83.0,80.0,38.0,35.0,26.0,28.0,28.0,26.0,32.0,90.0,94.0,93.0,88.0,89.0,64.0,45.0,48.0,47.0,32.0,16.0,13.0,20.0,89.0,92.0,92.0,94.0,88.0,68.0,68.0,37.0,34.0,35.0,28.0,29.2,58.3,102.7,100.0,94.4,95.7,90.6,57.2,47.9,36.2,36.8,28.4,20.5,18.5,106.4,101.1,102.0,98.3,98.8,72.2,33.5,44.6,29.9,24.2,18.0,21.7,41.8,95.1,94.7,87.5,84.4,78.5,36.9,18.0,18.4,24.5,16.5,22.3,28.4,29.0,40.0,46.0,55.0,59.0,51.0,45.0,87.0,67.1,50.6,36.8,39.7,30.8,39.5,52.7,51.5,59.2,49.3,60.5,40.7,39.9,36.5,49.6,44.2,35.2,39.8,43.3,54.1,53.4,52.5,51.9,48.1,56.1,29.0,30.2,17.0,13.1,23.2,24.7,44.1,44.4,44.0,43.3,43.3,48.3,48.9,55.8,54.4,60.0,32.4,21.3,32.7,33.5,37.3,40.4,36.5,37.2,29.3,30.6,37.6,54.0,35.4,37.6,32.3,53.0,42.1,43.1,46.6,45.7,46.1,54.9,48.9,134.9,28.3,28.8,27.2,41.3,32.1,36.8,40.4,39.0,33.3,37.2,47.6,34.9,31.8,36.5,29.2,29.7,33.8,30.3,29.8,32.8,33.5,40.9,22.5,45.1,37.3,39.1,24.5,25.2,25.8,33.1,21.6,47.6,48.9,28.5,36.8,30.6,27.8,24.0,23.0,25.3,54.4,37.5,27.6,25.5,26.5,31.5,26.1,27.2,6.3,22.0,22.8,28.1,32.6,38.1,29.8,26.1,31.4,27.4,28.5,24.1,26.8,31.9,29.6,22.4,40.1,26.2,25.1,29.2,18.9,23.8,24.0,38.4,69.4,52.3,35.6,9.5,24.2,21.0,18.0,21.7,22.0,15.0,25.2,21.4,12.7,18.3,11.5,17.8,19.9,18.9,15.8,16.7,18.4,19.5,18.0,15.0,13.2,15.0
10.0,10.0,172.0,198.0,254.0,375.0,370.0,370.0,400.0,352.0,275.0,355.0,290.0,340.0,230.0,390.0,460.0,470.0,442.0,520.0,423.0,401.0,496.0,549.0,504.0,568.0,513.0,280.0,291.0,390.0,414.0,516.0,419.0,490.0,401.0,469.0,369.0,390.0,98.0,193.0,281.0,298.0,310.0,312.0,296.0,310.0,329.0,335.0,311.0,298.0,197.0,91.0,248.0,288.0,292.0,271.0,266.0,244.0,258.0,265.0,147.0,197.0,97.0,130.0,254.0,251.0,250.0,248.0,243.0,213.0,202.0,150.0,27.0,77.0,202.0,182.0,174.0,224.0,215.0,209.0,202.0,169.0,151.0,148.0,73.0,15.0,57.0,23.0,45.0,151.0,201.0,200.0,197.0,193.0,188.0,177.0,148.0,62.0,58.0,133.0,125.0,178.0,172.0,177.0,181.0,173.0,184.0,163.0,147.0,63.0,80.0,30.0,82.0,96.0,169.0,154.0,153.0,154.0,158.0,132.0,43.0,26.0,22.0,16.0,19.0,75.0,83.0,138.0,131.0,135.0,131.0,129.0,84.0,109.0,40.0,26.0,24.0,18.0,23.0,60.0,106.0,107.0,109.0,103.0,97.0,86.0,57.0,35.0,40.0,42.0,33.0,51.0,71.0,108.0,118.0,116.0,113.0,111.0,81.0,75.0,33.0,40.0,30.0,26.0,21.0,71.0,109.0,107.0,107.0,108.0,102.0,90.0,65.0,42.0,34.0,22.0,16.0,44.0,75.0,96.0,90.0,97.0,99.0,88.0,64.0,22.0,23.0,23.0,14.0,15.0,17.0,30.0,95.0,94.0,98.0,91.0,66.0,66.0,47.0,23.0,25.0,23.0,26.0,63.0,79.0,87.0,87.0,83.0,79.0,49.0,32.0,22.0,22.0,20.0,20.0,32.0,88.0,94.0,93.0,88.0,88.0,78.0,39.0,42.0,28.0,27.0,15.0,17.0,21.0,90.0,92.0,92.0,94.0,88.0,60.0,68.0,30.0,27.0,41.0,32.0,34.0,71.2,101.3,100.0,94.4,95.7,89.2,62.8,52.1,38.2,26.3,19.5,21.0,22.2,106.4,101.1,102.0,98.3,91.3,79.5,34.0,32.9,26.0,26.2,17.5,20.5,39.9,93.7,92.7,87.5,84.4,78.5,43.5,26.6,17.8,19.2,15.1,14.2,19.1,34.0,39.0,52.0,55.0,58.0,51.0,35.0,59.0,40.3,24.5,31.1,24.8,25.6,38.4,53.6,48.7,64.8,50.3,58.7,30.0,38.1,35.7,30.0,39.2,28.9,33.1,45.9,55.0,52.4,52.1,53.1,46.8,30.5,37.3,32.5,21.5,38.7,22.0,22.6,43.7,42.6,43.5,43.8,42.1,60.2,43.9,46.2,42.6,41.8,30.1,20.8,33.1,36.3,37.6,38.0,37.4,38.7,38.0,44.5,43.6,51.0,30.5,36.5,35.1,44.6,42.6,42.3,45.1,44.1,36.2,44.6,43.4,46.3,30.7,26.3,29.2,39.6,32.4,37.5,36.9,34.7,34.4,45.4,32.1,29.4,18.8,26.1,29.5,28.1,34.3,33.5,29.5,31.5,32.6,44.3,43.3,32.8,35.7,23.1,24.4,24.4,26.2,28.6,59.5,43.4,41.4,29.1,27.6,21.3,22.2,24.0,25.3,25.5,23.3,22.1,23.1,25.9,25.5,18.8,20.1,26.2,6.3,21.9,23.1,27.7,33.5,37.7,35.3,26.6,28.9,29.9,30.9,21.0,25.8,17.4,26.1,23.0,26.2,18.9,23.0,34.0,15.9,23.5,23.4,56.0,47.5,33.3,20.3,10.1,23.1,23.0,18.0,21.7,22.0,14.0,22.7,27.4,45.4,45.3,35.0,34.3,23.6,23.5,14.6,17.9,16.1,18.8,16.2,20.0,15.2,14.5
12.5,,,,,,,,,,,,,,,,,,442.0,,399.0,443.0,479.0,548.0,528.0,480.0,561.0,,427.0,515.0,455.0,528.0,,,,,,,235.0,193.5,281.0,297.5,310.5,312.0,299.0,309.0,0.0,0.0,355.0,349.0,275.0,224.5,248.5,288.5,292.0,271.0,266.0,249.0,260.5,271.5,227.5,257.5,209.5,163.0,257.0,251.0,251.0,247.0,243.0,225.0,226.0,203.0,145.0,156.0,188.0,213.0,187.0,229.0,215.0,209.0,207.0,174.0,170.0,187.0,176.0,70.0,120.0,63.0,49.0,151.0,194.0,200.0,197.0,194.0,188.0,186.0,197.0,148.0,83.0,182.0,153.0,178.0,172.0,177.0,181.0,176.0,185.0,176.0,173.0,123.0,103.0,116.0,83.0,109.0,169.0,154.0,153.0,154.0,142.0,139.0,90.0,23.0,66.0,43.0,128.0,141.0,105.0,138.0,131.0,135.0,131.0,129.0,94.0,109.0,90.0,41.0,23.0,25.0,79.0,83.0,104.0,107.0,109.0,103.0,91.0,88.0,69.0,10.0,39.0,40.0,33.0,72.0,75.0,108.0,119.0,116.0,113.0,111.0,92.0,89.0,42.0,35.0,26.0,24.0,20.0,84.0,110.0,107.0,108.0,109.0,102.0,90.0,99.0,31.0,23.0,19.0,17.0,111.0,85.0,95.0,90.0,97.0,99.0,90.0,70.0,74.0,24.0,28.0,27.0,15.0,37.0,61.0,95.0,94.0,98.0,90.0,69.0,73.0,76.0,27.0,8.0,20.0,27.0,79.0,82.0,87.0,87.0,83.0,79.0,61.0,28.0,28.0,19.0,21.0,19.0,33.0,87.0,94.0,93.0,88.0,89.0,80.0,60.0,34.0,20.0,20.0,14.0,65.0,90.0,90.0,92.0,92.0,94.0,88.0,63.0,79.0,27.0,21.0,21.0,18.0,38.3,83.2,101.3,100.0,94.4,95.7,91.6,69.4,37.9,27.2,20.6,14.8,18.0,43.4,106.4,101.1,102.0,98.3,90.3,79.5,51.9,28.7,23.4,21.1,19.7,56.7,82.4,93.2,93.7,87.5,84.4,78.0,61.5,17.4,22.5,21.8,12.8,17.8,24.9,29.0,38.0,51.0,58.0,56.0,50.0,33.0,36.0,26.5,19.1,28.3,22.3,22.1,39.8,50.6,52.0,60.5,49.8,51.8,27.6,40.1,35.9,20.0,31.2,28.5,31.4,47.9,56.8,53.1,50.7,51.3,48.6,31.4,36.2,20.2,27.3,35.7,33.6,23.2,42.6,42.6,44.9,43.4,43.6,33.7,37.9,29.1,25.6,45.2,26.2,21.1,27.9,35.2,36.9,41.3,36.1,39.3,33.4,42.4,32.3,39.6,40.0,40.4,40.7,45.0,42.5,43.3,45.2,45.7,30.3,37.3,28.8,43.9,37.7,32.7,32.9,39.6,35.3,41.7,37.5,37.4,31.0,33.0,28.9,23.3,21.9,22.4,23.5,27.0,32.7,31.3,30.1,34.0,33.5,28.6,32.1,25.3,18.4,19.4,25.0,24.4,26.4,25.3,37.5,33.2,30.6,20.9,25.9,18.5,19.1,24.4,23.3,28.3,19.8,17.9,20.0,25.8,26.4,21.3,18.8,19.6,16.0,23.8,22.6,25.4,21.0,25.1,31.5,28.8,29.2,19.2,31.2,24.3,26.2,17.3,31.4,22.8,20.8,19.9,24.0,24.3,12.7,30.6,25.6,70.6,19.1,25.8,17.7,7.5,18.3,21.0,18.0,20.9,21.0,15.0,23.8,20.5,31.1,26.8,22.1,16.1,16.2,22.1,13.5,16.7,17.8,22.0,16.4,22.0,15.6,14.6
15.0,10.0,172.0,,,360.0,,,,368.0,,357.5,350.0,,0.0,,460.0,500.0,447.0,500.0,407.0,448.0,492.0,562.0,509.0,517.0,529.0,360.0,497.0,394.0,435.0,523.0,413.0,500.0,417.0,516.0,357.0,470.0,372.0,194.0,281.0,297.0,311.0,312.0,302.0,308.0,333.0,337.0,399.0,400.0,353.0,358.0,249.0,289.0,292.0,271.0,266.0,254.0,263.0,278.0,308.0,318.0,322.0,196.0,260.0,251.0,251.0,248.0,241.0,225.0,235.0,242.0,258.0,211.0,235.0,238.0,195.0,224.0,218.0,208.0,209.0,194.0,179.0,197.0,180.0,115.0,222.0,176.0,124.0,154.0,194.0,200.0,199.0,193.0,188.0,196.0,201.0,198.0,165.0,194.0,162.0,178.0,172.0,177.0,181.0,175.0,187.0,186.0,184.0,168.0,174.0,180.0,142.0,138.0,169.0,154.0,153.0,154.0,142.0,157.0,144.0,107.0,143.0,157.0,187.0,156.0,132.0,138.0,131.0,135.0,131.0,131.0,116.0,114.0,113.0,111.0,82.0,106.0,103.0,110.0,104.0,107.0,109.0,103.0,93.0,82.0,74.0,48.0,29.0,28.0,80.0,81.0,87.0,108.0,119.0,116.0,113.0,113.0,101.0,101.0,105.0,25.0,25.0,23.0,23.0,106.0,109.0,107.0,108.0,108.0,102.0,90.0,91.0,44.0,23.0,17.0,13.0,131.0,89.0,93.0,90.0,97.0,99.0,90.0,73.0,85.0,60.0,35.0,54.0,40.0,108.0,97.0,95.0,94.0,98.0,91.0,72.0,79.0,87.0,68.0,37.0,61.0,51.0,97.0,79.0,87.0,87.0,83.0,79.0,67.0,43.0,40.0,15.0,17.0,25.0,98.0,87.0,94.0,93.0,88.0,89.0,80.0,88.0,30.0,20.0,19.0,14.0,100.0,110.0,87.0,92.0,92.0,92.0,70.0,63.0,81.0,36.0,23.0,19.0,20.0,55.0,87.8,101.3,100.0,94.4,95.7,89.7,77.0,75.7,26.1,13.2,14.2,37.7,78.0,106.4,101.1,102.0,98.3,89.8,78.5,68.7,26.0,20.2,23.2,44.1,97.0,97.0,95.5,94.2,87.5,84.4,78.5,62.5,66.1,53.0,25.0,11.9,15.1,47.8,28.0,40.0,53.0,56.0,54.0,51.0,47.0,24.0,21.7,18.2,26.0,22.3,24.6,41.6,50.5,49.3,52.7,49.3,53.6,28.0,40.8,21.8,14.8,27.5,25.6,53.6,50.6,54.5,51.2,50.5,49.7,46.1,27.7,26.0,14.7,21.7,56.4,40.7,32.5,44.2,46.0,44.5,43.3,40.9,32.9,26.6,25.1,21.9,44.2,24.0,30.8,33.0,33.2,37.5,42.0,36.1,37.0,25.6,30.3,23.1,23.0,54.4,48.6,45.6,45.6,42.7,44.6,44.9,44.8,26.2,23.1,25.1,34.0,51.6,39.6,38.5,38.8,37.7,36.5,38.3,32.7,31.1,26.2,21.4,12.9,14.2,19.8,22.0,29.2,32.5,32.5,31.1,32.2,30.7,26.1,22.5,16.8,18.0,19.5,25.8,25.6,26.4,25.0,29.0,18.7,24.4,19.6,26.6,16.9,22.0,27.3,23.2,26.3,17.0,16.6,22.8,26.0,27.9,22.4,22.6,18.7,5.0,21.8,23.2,19.1,15.5,17.1,19.3,23.7,28.1,18.9,23.4,26.0,26.8,15.2,19.5,23.8,20.4,18.1,23.9,19.8,11.8,23.9,23.3,32.8,18.6,15.7,16.5,6.2,13.9,17.0,19.0,20.8,21.0,14.0,24.6,15.9,24.5,19.0,17.0,33.7,19.1,16.7,15.0,17.1,16.4,17.4,16.4,18.0,14.4,15.2
20.0,10.0,158.0,238.0,254.0,345.0,370.0,345.0,400.0,384.0,260.0,360.0,460.0,380.0,380.0,420.0,460.0,530.0,,480.0,,,,,,,,440.0,,,,,398.0,490.0,421.0,501.0,357.0,480.0,378.0,225.0,281.0,298.0,311.0,309.0,302.0,322.0,332.0,316.0,391.0,401.0,361.0,364.0,246.0,291.0,291.0,279.0,264.0,261.0,278.0,290.0,333.0,329.0,338.0,292.0,250.0,251.0,251.0,248.0,241.0,232.0,246.0,245.0,279.0,272.0,245.0,251.0,204.0,212.0,218.0,206.0,209.0,198.0,190.0,204.0,204.0,226.0,232.0,214.0,231.0,162.0,197.0,200.0,197.0,193.0,189.0,196.0,206.0,214.0,220.0,214.0,180.0,178.0,172.0,177.0,181.0,175.0,185.0,188.0,184.0,192.0,219.0,196.0,188.0,179.0,169.0,154.0,153.0,149.0,141.0,144.0,155.0,157.0,223.0,207.0,207.0,176.0,184.0,138.0,131.0,135.0,131.0,131.0,121.0,121.0,133.0,149.0,143.0,150.0,168.0,119.0,106.0,107.0,109.0,103.0,97.0,86.0,85.0,115.0,102.0,131.0,160.0,113.0,136.0,108.0,119.0,116.0,113.0,113.0,104.0,103.0,108.0,88.0,101.0,124.0,99.0,134.0,109.0,108.0,108.0,109.0,103.0,90.0,94.0,124.0,82.0,121.0,123.0,129.0,107.0,93.0,90.0,97.0,99.0,90.0,77.0,86.0,95.0,116.0,116.0,116.0,139.0,122.0,95.0,94.0,98.0,91.0,75.0,83.0,102.0,92.0,108.0,107.0,111.0,91.0,82.0,87.0,87.0,83.0,79.0,75.0,73.0,74.0,27.0,61.0,78.0,101.0,87.0,92.0,93.0,88.0,89.0,79.0,79.0,71.0,18.0,39.0,101.0,116.0,130.0,89.0,92.0,92.0,93.0,83.0,69.0,81.0,102.0,108.0,80.0,110.0,122.2,104.3,101.3,100.0,94.4,95.7,90.2,80.0,90.0,44.1,93.2,103.1,133.0,120.3,106.4,101.1,102.0,98.3,88.4,78.5,80.0,58.5,54.8,83.2,82.4,116.6,114.4,95.1,96.2,87.5,84.4,81.0,71.7,88.5,92.3,89.1,33.8,51.1,73.7,51.0,45.0,54.0,55.0,55.0,53.0,52.0,29.0,27.8,16.1,23.3,32.8,41.6,49.6,51.0,51.5,58.3,49.0,41.5,27.6,37.7,33.5,17.3,31.6,18.9,58.5,54.3,52.7,59.7,52.0,50.3,42.4,41.2,20.3,27.6,21.6,60.4,48.4,43.4,42.3,42.3,43.8,42.7,40.9,31.1,26.9,20.7,17.5,47.9,32.4,34.6,36.1,35.6,37.1,38.7,36.0,37.1,17.1,32.6,16.9,47.1,55.6,53.2,52.5,42.7,43.5,44.0,45.3,45.1,32.4,19.2,19.3,20.4,58.7,47.6,46.2,35.8,36.9,36.0,36.7,34.7,31.5,26.1,16.3,12.7,18.3,28.1,23.3,28.3,33.9,30.0,30.3,32.0,30.8,20.8,16.2,16.3,12.5,18.3,24.5,26.9,25.6,27.4,19.4,15.7,15.8,15.1,30.2,21.4,20.2,25.1,22.5,25.5,15.8,12.0,23.4,28.8,26.3,18.8,20.2,16.4,7.4,22.9,22.8,16.4,16.4,14.1,18.9,28.9,27.7,19.7,20.2,29.9,22.3,17.2,15.6,22.0,23.0,14.3,24.3,18.2,12.2,28.8,22.1,49.8,11.3,11.7,9.5,5.2,12.9,20.0,18.0,20.9,21.0,14.0,23.6,15.6,15.0,12.8,10.8,10.8,12.5,13.3,8.5,18.7,16.3,13.3,16.4,16.0,11.4,14.4
30.0,10.0,172.0,277.0,274.0,345.0,370.0,385.0,435.0,384.0,275.0,355.0,545.0,480.0,640.0,620.0,500.0,580.0,,500.0,,,,,,,,540.0,,,,,431.0,430.0,437.0,506.0,478.0,540.0,409.0,439.0,288.0,310.0,310.0,310.0,302.0,341.0,336.0,334.0,409.0,418.0,391.0,402.0,324.0,290.0,291.0,273.0,268.0,277.0,285.0,293.0,329.0,348.0,355.0,336.0,251.0,251.0,251.0,245.0,243.0,232.0,246.0,267.0,299.0,320.0,288.0,267.0,256.0,214.0,224.0,206.0,206.0,204.0,193.0,212.0,218.0,235.0,246.0,235.0,248.0,164.0,197.0,200.0,197.0,194.0,189.0,203.0,207.0,229.0,236.0,248.0,214.0,178.0,172.0,177.0,181.0,172.0,188.0,188.0,190.0,212.0,221.0,227.0,215.0,206.0,169.0,154.0,153.0,149.0,141.0,144.0,169.0,165.0,197.0,221.0,220.0,205.0,195.0,138.0,131.0,135.0,131.0,131.0,132.0,123.0,138.0,151.0,153.0,153.0,154.0,153.0,104.0,107.0,109.0,103.0,102.0,95.0,106.0,141.0,141.0,159.0,197.0,154.0,152.0,108.0,119.0,116.0,113.0,111.0,104.0,108.0,154.0,142.0,183.0,190.0,172.0,149.0,109.0,107.0,108.0,108.0,102.0,89.0,97.0,144.0,166.0,179.0,181.0,126.0,123.0,93.0,90.0,97.0,99.0,92.0,82.0,94.0,119.0,143.0,154.0,153.0,151.0,138.0,95.0,94.0,98.0,91.0,83.0,97.0,108.0,112.0,132.0,129.0,135.0,121.0,87.0,87.0,87.0,83.0,79.0,79.0,89.0,102.0,114.0,115.0,122.0,113.0,88.0,94.0,93.0,88.0,89.0,79.0,103.0,98.0,96.0,120.0,149.0,125.0,141.0,91.0,92.0,92.0,93.0,85.0,74.0,103.0,138.0,134.0,145.0,144.0,145.1,119.5,101.3,100.0,94.4,95.7,90.6,93.8,105.8,128.1,135.7,142.3,153.8,154.2,106.4,101.1,102.0,98.3,89.8,87.3,93.3,98.8,118.6,147.3,132.3,123.7,123.5,93.7,93.2,87.5,84.4,81.5,82.5,88.5,98.2,90.9,97.3,109.0,105.1,67.0,44.0,51.0,55.0,56.0,49.0,54.0,47.0,44.5,50.9,62.6,68.5,55.5,57.7,49.2,51.2,53.5,47.6,47.2,28.1,37.7,48.9,47.3,61.5,48.3,61.5,59.1,53.2,54.8,49.5,48.7,44.4,40.6,59.3,58.9,57.7,55.5,51.1,47.4,42.1,44.1,44.0,43.5,40.3,35.4,43.8,51.6,41.9,43.2,30.2,34.6,36.7,35.1,36.7,40.6,33.5,36.2,36.8,38.2,47.5,65.6,53.0,58.8,56.4,43.7,42.2,44.0,45.2,46.9,38.5,33.0,50.8,47.0,67.6,53.6,51.8,34.4,34.9,37.0,37.6,34.7,28.1,28.8,38.9,33.3,29.4,40.9,26.9,28.2,33.7,31.4,32.2,29.7,27.9,25.0,20.6,28.4,19.9,22.2,27.2,23.9,26.7,21.6,20.8,17.9,20.7,23.5,35.4,25.2,22.4,23.8,26.2,24.4,13.3,19.0,19.4,26.7,25.2,16.9,20.4,19.8,11.2,23.6,22.4,18.2,19.6,19.1,18.5,34.1,24.4,19.0,18.4,22.8,20.0,21.0,15.5,24.1,20.3,14.2,23.6,18.3,14.9,24.6,21.6,28.7,11.2,11.0,10.3,6.0,19.4,20.0,18.0,23.5,24.0,19.0,21.6,14.6,8.8,11.3,9.6,12.7,13.4,13.5,13.7,18.6,16.6,12.2,16.5,15.0,13.8,15.8
40.0,10.0,158.0,350.0,297.0,345.0,395.0,415.0,450.0,424.0,415.0,530.0,630.0,540.0,660.0,650.0,550.0,590.0,,580.0,,,,,,,,540.0,,,,,449.0,490.0,466.0,535.0,530.0,280.0,488.0,475.0,301.0,335.0,312.0,308.0,305.0,336.0,339.0,345.0,422.0,426.0,393.0,396.0,387.0,291.0,293.0,276.0,272.0,279.0,292.0,303.0,337.0,347.0,362.0,348.0,249.0,251.0,250.0,245.0,243.0,237.0,258.0,270.0,299.0,330.0,299.0,275.0,269.0,219.0,218.0,206.0,205.0,209.0,197.0,214.0,216.0,249.0,264.0,246.0,255.0,210.0,197.0,200.0,197.0,194.0,217.0,210.0,219.0,236.0,248.0,263.0,239.0,192.0,172.0,177.0,181.0,175.0,188.0,192.0,193.0,212.0,221.0,232.0,225.0,216.0,176.0,152.0,153.0,150.0,141.0,142.0,171.0,180.0,212.0,223.0,252.0,209.0,191.0,138.0,131.0,135.0,131.0,131.0,132.0,123.0,133.0,151.0,158.0,153.0,170.0,159.0,104.0,107.0,109.0,103.0,102.0,96.0,115.0,142.0,157.0,166.0,189.0,155.0,158.0,110.0,119.0,116.0,113.0,111.0,111.0,119.0,157.0,161.0,191.0,187.0,176.0,156.0,110.0,107.0,109.0,109.0,103.0,93.0,115.0,150.0,190.0,197.0,201.0,149.0,128.0,93.0,90.0,97.0,99.0,100.0,89.0,99.0,126.0,148.0,158.0,172.0,149.0,145.0,95.0,94.0,98.0,91.0,90.0,102.0,108.0,122.0,132.0,139.0,139.0,133.0,97.0,87.0,87.0,83.0,80.0,79.0,88.0,105.0,133.0,128.0,131.0,136.0,88.0,94.0,93.0,88.0,89.0,80.0,105.0,105.0,111.0,142.0,165.0,162.0,144.0,104.0,92.0,92.0,92.0,85.0,87.0,116.0,146.0,143.0,149.0,172.0,147.9,138.9,101.3,100.0,94.4,95.7,92.1,96.8,123.2,138.6,137.2,156.5,161.3,159.9,106.4,101.1,102.0,98.3,89.8,90.2,109.7,116.4,134.1,151.9,147.2,139.7,123.5,94.6,92.2,87.5,84.4,81.5,85.6,90.3,97.0,116.5,100.1,122.4,112.1,85.0,52.0,58.0,54.0,55.0,49.0,52.0,48.0,56.3,65.0,80.0,81.7,59.4,66.4,55.7,51.8,53.9,49.7,46.0,38.6,42.6,48.9,54.2,65.0,67.2,59.4,59.7,49.1,55.5,49.7,48.5,44.3,42.6,65.7,76.1,60.4,57.1,51.5,57.0,41.0,43.3,44.5,43.0,39.5,38.5,45.6,51.6,52.9,29.2,41.4,37.1,35.2,37.8,38.0,38.9,35.7,36.0,43.3,51.5,72.4,69.3,43.6,57.6,55.7,43.9,42.5,43.6,46.1,44.6,45.5,53.9,49.3,61.7,88.4,93.0,54.9,37.9,32.6,39.1,35.9,33.8,29.8,41.3,53.4,44.1,37.6,36.5,30.2,29.1,38.9,30.8,31.2,30.3,28.0,31.1,35.9,34.0,50.2,30.6,24.1,27.9,25.7,22.9,29.9,36.2,40.0,31.3,40.4,20.4,21.7,24.1,23.9,24.8,12.7,22.9,24.9,27.0,25.2,16.5,19.0,18.6,11.5,22.3,20.2,17.4,22.7,20.9,19.3,31.6,25.4,22.7,17.4,19.7,17.6,20.9,15.9,25.0,19.9,21.5,23.0,23.0,18.2,20.6,18.1,24.3,15.4,19.9,15.5,14.7,17.4,14.0,18.0,21.6,22.0,12.0,21.5,6.5,12.8,18.0,11.8,14.4,19.0,17.8,13.9,17.4,15.0,13.5,15.8,14.0,17.0,13.7
50.0,10.0,172.0,432.5,287.0,430.0,482.5,,,488.0,457.5,550.0,0.0,670.0,790.0,750.0,720.0,794.5,,600.0,,,,,,,,610.0,,,,,469.0,,466.0,559.0,567.0,640.0,554.0,615.0,310.0,346.0,315.0,307.0,310.0,339.0,343.0,370.0,438.0,448.0,404.0,415.0,414.0,289.0,291.0,274.0,273.0,285.0,294.0,302.0,342.0,349.0,368.0,355.0,254.0,251.0,250.0,245.0,241.0,237.0,251.0,277.0,303.0,320.0,306.0,293.0,281.0,219.0,214.0,206.0,206.0,215.0,202.0,219.0,226.0,236.0,268.0,271.0,268.0,232.0,201.0,200.0,197.0,194.0,198.0,206.0,235.0,243.0,252.0,281.0,251.0,205.0,172.0,177.0,181.0,171.0,190.0,194.0,193.0,214.0,229.0,232.0,237.0,221.0,207.0,151.0,153.0,150.0,142.0,142.0,181.0,184.0,213.0,223.0,234.0,221.0,198.0,138.0,131.0,135.0,131.0,131.0,132.0,123.0,133.0,158.0,160.0,172.0,190.0,169.0,104.0,107.0,109.0,103.0,101.0,97.0,114.0,149.0,161.0,168.0,197.0,176.0,160.0,111.0,119.0,116.0,113.0,113.0,112.0,129.0,161.0,174.0,195.0,204.0,177.0,179.0,112.0,105.0,108.0,109.0,101.0,98.0,115.0,170.0,203.0,206.0,206.0,171.0,144.0,92.0,90.0,97.0,99.0,102.0,93.0,105.0,127.0,150.0,158.0,170.0,164.0,152.0,95.0,94.0,96.0,95.0,93.0,106.0,111.0,115.0,142.0,146.0,150.0,142.0,108.0,87.0,87.0,83.0,80.0,79.0,89.0,125.0,140.0,134.0,151.0,140.0,91.0,94.0,93.0,88.0,89.0,82.0,101.0,114.0,123.0,161.0,182.0,165.0,158.0,128.0,92.0,92.0,93.0,87.0,89.0,119.0,153.0,146.0,165.0,172.0,159.3,151.3,101.3,100.0,94.4,95.7,94.1,93.8,113.7,144.6,140.4,163.7,170.2,166.9,99.5,101.1,102.0,98.3,91.2,90.2,105.1,124.4,143.8,162.6,157.2,152.2,134.4,94.6,92.2,87.5,84.4,81.7,87.1,90.3,98.2,127.0,106.9,121.0,130.7,88.0,64.0,69.0,54.0,66.0,50.0,55.0,48.0,61.3,70.3,92.2,90.5,56.6,73.6,52.4,54.6,57.0,48.5,46.4,34.5,41.2,61.8,56.8,71.2,74.0,61.8,61.7,51.3,56.5,51.6,49.3,43.0,43.5,74.5,80.4,73.9,72.5,49.2,50.1,41.6,43.6,43.2,43.6,39.0,37.8,49.7,52.1,60.3,49.0,45.6,39.5,40.0,33.0,36.4,40.9,39.0,39.0,48.4,58.7,74.6,68.3,54.9,59.2,58.3,44.3,42.9,42.6,45.8,44.8,46.8,73.3,74.4,82.9,85.7,50.7,52.8,39.0,35.3,36.4,36.8,33.1,36.5,43.9,50.0,47.1,43.4,40.8,37.6,34.0,32.6,32.2,31.7,29.8,29.3,43.8,39.0,41.0,40.5,37.2,24.3,23.5,25.8,22.7,30.8,36.8,41.3,31.4,37.0,23.9,24.5,23.8,22.4,24.2,15.5,27.6,26.3,25.0,24.4,17.7,20.6,20.1,12.1,21.0,20.8,18.6,26.3,21.6,20.2,33.1,21.9,21.0,18.9,19.6,16.2,17.7,15.5,21.1,20.5,19.3,22.5,30.6,19.7,19.7,23.4,27.5,13.8,23.0,16.0,15.6,20.0,15.0,18.0,21.6,22.0,12.0,21.4,15.0,17.8,18.8,13.1,14.1,20.1,20.0,14.6,16.7,14.4,15.6,15.3,14.0,17.5,15.2
60.0,10.0,172.0,515.0,277.0,515.0,570.0,430.0,500.0,552.0,500.0,570.0,740.0,800.0,920.0,850.0,890.0,999.0,533.0,620.0,583.0,579.0,690.0,778.0,746.0,815.0,749.0,680.0,882.0,737.0,681.0,638.0,489.0,700.0,526.0,,,,625.0,654.0,333.0,371.0,344.0,307.0,317.0,354.0,399.0,447.0,508.0,492.0,526.0,471.0,463.0,290.0,290.0,274.0,279.0,310.0,307.0,338.0,425.0,426.0,389.0,377.0,328.0,251.0,251.0,245.0,246.0,264.0,267.0,299.0,337.0,364.0,329.0,322.0,296.0,219.0,214.0,208.0,211.0,219.0,208.0,239.0,240.0,268.0,299.0,277.0,344.0,312.0,202.0,200.0,199.0,198.0,198.0,213.0,241.0,272.0,276.0,329.0,262.0,214.0,172.0,177.0,179.0,172.0,196.0,209.0,204.0,226.0,251.0,234.0,244.0,230.0,235.0,149.0,153.0,150.0,142.0,147.0,242.0,202.0,215.0,241.0,247.0,232.0,204.0,144.0,131.0,135.0,131.0,131.0,132.0,123.0,133.0,167.0,160.0,172.0,186.0,185.0,111.0,107.0,109.0,103.0,110.0,100.0,115.0,146.0,172.0,191.0,222.0,200.0,182.0,130.0,119.0,116.0,113.0,111.0,115.0,158.0,184.0,193.0,199.0,217.0,220.0,218.0,110.0,108.0,112.0,109.0,102.0,97.0,110.0,187.0,216.0,219.0,215.0,210.0,143.0,93.0,90.0,97.0,99.0,102.0,106.0,116.0,131.0,160.0,171.0,172.0,179.0,154.0,95.0,94.0,96.0,95.0,97.0,108.0,114.0,135.0,153.0,169.0,167.0,148.0,115.0,87.0,87.0,83.0,80.0,82.0,93.0,134.0,159.0,150.0,164.0,151.0,141.0,95.0,93.0,88.0,89.0,86.0,115.0,125.0,157.0,176.0,198.0,192.0,169.0,148.0,92.0,92.0,93.0,87.0,95.0,121.0,190.0,169.0,168.0,187.0,172.2,162.3,140.6,105.4,94.4,95.7,102.9,96.8,139.0,153.6,175.0,204.7,180.6,200.8,99.5,101.1,102.0,98.3,94.1,91.7,109.7,140.3,180.5,206.8,185.5,168.2,141.7,129.4,94.7,87.5,84.4,81.7,89.2,95.4,101.1,104.2,119.2,129.6,142.3,112.0,76.0,51.0,55.0,62.0,50.0,56.0,60.0,72.8,90.6,105.0,112.1,62.5,81.4,51.2,47.3,54.6,49.7,49.8,39.0,49.0,62.1,69.0,77.3,87.2,73.0,73.0,53.6,56.7,52.8,46.4,46.8,56.6,86.1,95.6,79.9,87.3,58.8,55.5,58.2,42.7,44.4,43.7,39.0,44.2,77.3,63.1,88.2,89.2,47.0,55.3,60.6,43.0,40.9,40.7,35.1,40.5,65.6,99.8,93.7,68.3,78.0,66.7,68.3,46.6,42.6,50.6,45.5,45.7,78.9,97.7,92.3,86.8,79.6,70.9,55.0,46.2,32.8,36.5,36.2,33.5,48.4,49.9,62.2,50.1,53.7,53.3,51.5,39.7,33.9,32.6,31.8,32.6,30.4,45.8,46.1,41.2,47.8,46.2,27.9,25.6,27.0,33.5,39.1,87.8,65.3,43.0,45.0,34.2,32.7,24.4,26.1,23.5,15.5,35.0,42.3,26.6,24.6,17.5,30.8,29.8,12.5,22.0,21.8,19.4,29.4,24.8,21.7,26.7,23.0,31.2,20.7,19.4,16.9,21.4,18.0,22.0,18.7,29.0,22.1,20.4,22.1,22.6,17.8,29.2,23.5,30.5,21.3,13.8,23.5,21.0,19.0,22.3,22.0,13.0,22.5,16.4,24.4,25.7,21.0,21.8,31.3,22.9,16.0,16.5,13.9,22.8,15.7,15.0,18.9,14.6
62.0,,,,,,,,,,,,,,,,,,,,,,,,,,,,,,,,,,,729.0,625.0,700.0,644.0,674.0,335.0,381.0,349.0,309.0,319.0,370.0,401.0,517.0,515.0,504.0,521.0,533.0,461.0,290.0,289.0,276.0,280.0,311.0,307.0,342.0,432.0,448.0,421.0,398.0,346.0,251.0,251.0,245.0,248.0,260.0,277.0,314.0,357.0,394.0,349.0,332.0,304.0,219.0,218.0,212.0,211.0,220.0,218.0,245.0,245.0,275.0,306.0,265.0,351.0,318.0,199.0,230.0,201.0,200.0,203.0,220.0,250.0,283.0,306.0,304.0,283.0,207.0,172.0,182.0,178.0,175.0,198.0,228.0,216.0,243.0,260.0,237.0,267.0,236.0,239.0,149.0,153.0,152.0,142.0,147.0,277.0,223.0,220.0,252.0,257.0,240.0,204.0,144.0,131.0,135.0,131.0,131.0,132.0,123.0,136.0,182.0,171.0,170.0,185.0,186.0,114.0,107.0,109.0,103.0,111.0,100.0,110.0,156.0,181.0,209.0,229.0,207.0,187.0,157.0,119.0,116.0,113.0,113.0,115.0,166.0,212.0,197.0,204.0,225.0,221.0,222.0,112.0,109.0,116.0,109.0,104.0,102.0,112.0,201.0,225.0,226.0,219.0,225.0,147.0,93.0,90.0,97.0,99.0,102.0,111.0,122.0,136.0,171.0,178.0,179.0,184.0,154.0,95.0,96.0,96.0,96.0,98.0,108.0,116.0,144.0,161.0,176.0,173.0,152.0,115.0,87.0,87.0,83.0,80.0,83.0,101.0,141.0,165.0,157.0,178.0,158.0,134.0,96.0,93.0,88.0,89.0,90.0,116.0,147.0,172.0,182.0,213.0,222.0,174.0,149.0,92.0,92.0,95.0,87.0,96.0,124.0,198.0,205.0,169.0,198.0,182.2,162.3,144.6,105.9,94.4,95.7,106.8,99.9,143.8,156.6,179.7,215.4,208.9,223.4,99.5,101.1,102.0,98.3,101.2,91.7,125.0,162.7,203.8,208.3,190.5,177.1,147.2,108.4,93.7,87.5,84.4,81.7,92.3,95.4,100.0,145.4,127.5,145.0,146.9,120.0,78.0,54.0,61.0,61.0,51.0,49.0,65.0,77.3,130.0,112.2,125.3,96.7,83.8,51.1,51.2,51.0,49.7,49.4,43.7,46.5,64.5,80.7,80.2,90.0,82.0,88.9,54.4,55.6,53.0,48.5,47.1,59.8,93.1,98.1,92.0,161.6,62.3,57.9,62.5,43.8,,42.9,37.6,47.2,77.4,66.7,152.8,164.2,73.0,56.8,75.2,41.0,47.0,45.5,40.0,61.1,72.1,96.8,109.8,73.7,87.1,73.4,70.0,44.7,43.6,51.1,47.9,45.6,97.4,107.0,113.1,96.5,93.8,76.1,60.7,44.8,34.8,36.3,38.2,34.1,60.7,48.8,72.2,54.7,54.0,58.6,63.8,47.0,34.9,35.1,31.7,32.0,31.4,61.2,55.4,47.1,55.0,61.7,24.1,27.5,28.1,37.6,57.2,85.8,73.5,56.9,52.6,36.7,33.0,26.7,24.2,25.8,19.9,39.0,44.1,24.4,24.3,21.1,33.4,30.3,13.3,21.3,22.1,22.3,35.2,28.0,26.4,25.9,22.7,36.9,22.0,20.0,17.7,23.6,19.5,23.8,17.9,38.6,23.4,20.2,22.6,20.4,18.8,29.5,24.0,33.4,22.4,16.8,38.4,19.0,18.0,22.8,23.0,15.0,22.6,17.3,27.9,38.1,22.1,23.3,22.7,26.1,16.3,16.5,13.9,23.3,15.5,15.0,25.5,15.0
65.0,,,,,,,,,,,,,,,,,,,,636.0,,708.0,391.0,832.0,876.0,557.0,,777.0,760.0,694.0,746.0,,,,761.0,614.0,730.0,705.0,715.0,373.0,377.0,371.0,,325.0,382.0,438.0,547.0,519.0,,534.0,578.0,476.0,289.0,290.0,276.0,300.0,308.0,315.0,344.0,483.0,492.0,446.0,408.0,354.0,251.0,251.0,247.0,253.0,282.0,292.0,343.0,401.0,415.0,356.0,325.0,305.0,219.0,213.0,214.0,216.0,221.0,226.0,249.0,292.0,307.0,341.0,378.0,386.0,298.0,199.0,230.0,201.0,200.0,213.0,246.0,277.0,310.0,,322.0,283.0,226.0,172.0,186.0,178.0,179.0,200.0,235.0,236.0,257.0,265.0,275.0,259.0,230.0,239.0,149.0,158.0,152.0,144.0,156.0,334.0,289.0,236.0,266.0,275.0,251.0,205.0,160.0,131.0,135.0,131.0,139.0,139.0,123.0,156.0,218.0,183.0,191.0,199.0,201.0,128.0,107.0,109.0,103.0,118.0,103.0,136.0,184.0,209.0,244.0,246.0,221.0,194.0,177.0,118.0,119.0,115.0,113.0,126.0,204.0,227.0,220.0,243.0,290.0,228.0,231.0,112.0,111.0,120.0,119.0,108.0,107.0,159.0,243.0,253.0,262.0,238.0,242.0,147.0,93.0,90.0,97.0,104.0,102.0,138.0,134.0,161.0,207.0,194.0,195.0,197.0,164.0,95.0,97.0,98.0,96.0,100.0,111.0,122.0,160.0,177.0,190.0,183.0,164.0,117.0,87.0,87.0,83.0,80.0,87.0,119.0,156.0,178.0,177.0,212.0,163.0,138.0,96.0,93.0,88.0,89.0,102.0,137.0,161.0,269.0,215.0,257.0,242.0,182.0,152.0,92.0,92.0,98.0,90.0,99.0,129.0,198.0,212.0,177.0,210.0,216.5,165.1,146.0,105.4,102.7,98.2,108.8,107.5,151.7,182.1,195.4,218.9,237.2,255.8,99.5,101.1,102.0,98.3,,94.7,175.6,186.6,228.9,219.0,198.8,180.6,156.3,112.6,94.2,87.5,84.4,81.7,,,127.0,116.9,131.6,161.0,168.5,123.0,86.0,51.0,56.0,62.0,73.0,55.0,86.0,88.0,243.8,244.9,134.9,151.3,91.2,535.0,49.8,53.4,96.2,64.6,44.7,46.5,66.4,113.6,103.0,98.5,94.7,74.5,58.4,54.4,53.9,48.2,51.6,58.7,100.0,110.9,102.5,,68.1,320.0,,43.9,,66.9,42.6,103.9,175.0,72.5,319.0,199.6,71.2,57.5,78.3,53.1,49.6,43.9,46.1,,89.9,130.2,153.2,81.8,121.4,105.4,78.9,43.5,43.5,57.2,47.3,51.7,124.0,148.4,201.4,96.3,93.3,79.7,67.8,46.2,34.1,37.6,35.5,30.9,64.3,67.6,67.8,64.1,68.2,67.6,68.1,51.2,33.2,36.8,32.8,32.4,31.8,73.2,63.6,51.7,52.7,56.6,27.1,28.7,28.0,38.8,77.2,100.2,107.4,82.2,62.3,41.0,33.3,31.9,24.1,28.1,21.9,56.9,55.7,30.0,25.5,25.2,64.3,42.7,18.9,22.9,48.8,22.9,46.2,33.8,28.3,27.6,25.6,40.7,23.3,21.0,21.2,27.4,26.8,28.2,20.7,203.4,25.3,26.6,49.1,23.5,21.1,36.7,28.4,34.6,37.9,21.2,74.0,26.0,18.0,22.9,23.0,13.0,55.8,18.2,27.9,33.5,30.5,29.2,24.3,70.7,17.7,20.8,15.8,34.3,15.5,16.0,40.7,15.1
